parish,state,project,name,contrac_status,field_status,start_date,end_date,total_mi,mi_remain_plan,mi_remain_contrac_adj,passings,passings_remain_plan,passings_remain_contrac_adj,nepa_overlap_mi,nepa_approved_mi,nepa_blocked_mi,nepa_status,nepa_passing_at_risk,bead_passing,bead_complete_contrac_adj,bead_remain_contrac_adj,bead_rc_points_total,bead_rc_RC1_2,bead_rc_RC3,bead_rc_RC4,bead_rc_RC5_BDC,bead_rc_RC5_OTHER,bead_rc_Jason_Cut,labor_remain_usd,material_remain_usd,unsplit_remain_usd,mainline_remain_usd_total,labor_remain_source,reason_codes,ocius_project_id
Rapides Parish,LA,CDA-27346,Rapides Parish-NONE-CDA-27346-Stat Area - 2026 - CDA-27346,(no ROQ job),not_started,2026-08-01,2028-05-31,151.01,151.01,151.01,16061.0,16061.0,16061.0,50.09,0.0,50.09,blocked,16061.0,283.0,0.0,283.0,41,1,40,0,0,0,0,,,,,no_ocius_job_match,"wave1_pinned_authority, wave1_ic_remain_from_now, parent_never_active",
Acadia Parish,LA,CDA-25746,Acadia Parish-NONE-CDA-25746-Stat Area - 2026 - CDA-25746,(no ROQ job),not_started,2026-08-01,2028-04-30,148.26,148.26,148.26,9066.0,9066.0,9066.0,145.35,33.02,112.33,partial,9066.0,813.0,0.0,813.0,69,1,68,0,0,0,0,,,,,no_ocius_job_match,"wave1_pinned_authority, wave1_ic_remain_from_now, parent_never_active",
St. Martin Parish,LA,CDA-27394,St. Martin Parish-NONE-CDA-27394-Stat Area - 2027 - CDA-27394,(no ROQ job),not_started,2026-10-01,2027-05-31,124.87,124.87,124.87,6260.0,6260.0,6260.0,77.08,0.0,77.08,blocked,6260.0,417.0,0.0,417.0,47,0,38,0,0,0,9,,,,,no_ocius_job_match,"wave1_retimed_pass1, wave1_habit_resize, wave1_2026_q4_retime",
Jefferson Davis Parish,LA,CA-9813,Jefferson Davis Parish-NONE-CA-9813-Construction Area - Jennings Service Area,(no ROQ job),,2027-05-01,2027-07-31,103.51,103.51,103.51,6068.0,6068.0,6068.0,61.43,61.43,0.0,clear,0.0,238.0,0.0,238.0,13,0,12,0,0,0,1,,,,,no_ocius_job_match,"newborn_hi_only, newborn_status_strong",
Rapides Parish,LA,CDA-27341,Rapides Parish-NONE-CDA-27341-Stat Area - 2026 - CDA-27341,(no ROQ job),not_started,2026-11-01,2027-06-30,86.9,86.9,86.9,5978.0,5978.0,5978.0,30.68,0.0,30.68,blocked,5978.0,450.0,0.0,450.0,20,0,17,0,0,0,3,,,,,no_ocius_job_match,"wave1_retimed_pass1, wave1_habit_resize, wave1_2026_q4_retime",
Iberia Parish,LA,CDA-27365,Iberia Parish-NONE-CDA-27365-Stat Area - 2027 - CDA-27365,(no ROQ job),not_started,2027-08-01,2028-02-29,67.77,67.77,67.77,5944.0,5944.0,5944.0,19.6,0.0,19.6,blocked,5944.0,105.0,0.0,105.0,12,0,12,0,0,0,0,,,,,no_ocius_job_match,"wave1_retimed_pass1, wave1_habit_resize, wave1_2026_q4_retime",
Acadia Parish,LA,CDA-25744,Acadia Parish-NONE-CDA-25744-Stat Area - 2026 - CDA-25744,(no ROQ job),not_started,2026-08-01,2026-11-30,6.52,6.52,6.52,4519.0,4519.0,4519.0,17.71,4.11,13.6,partial,4519.0,48.0,0.0,48.0,5,0,5,0,0,0,0,,,,,no_ocius_job_match,"wave1_pinned_authority, wave1_ic_remain_from_now, parent_never_active",
Iberia Parish,LA,CDA-27371,Iberia Parish-NONE-CDA-27371-Stat Area - 2027 - CDA-27371,(no ROQ job),not_started,2027-02-01,2027-07-31,70.77,70.77,70.77,4223.0,4223.0,4223.0,76.25,0.0,76.25,blocked,4223.0,366.0,0.0,366.0,33,0,25,0,0,0,8,,,,,no_ocius_job_match,"wave1_retimed_pass1, wave1_habit_resize, wave1_2026_q4_retime",
Webster Parish,LA,CDA-26946,Webster Parish-NONE-CDA-26946-Stat Area - 2026 - CDA-26946,(no ROQ job),not_started,2026-11-01,2027-06-30,67.07,67.07,67.07,4161.0,4161.0,4161.0,45.03,45.03,0.0,clear,0.0,150.0,0.0,150.0,21,1,20,0,0,0,0,,,,,no_ocius_job_match,"wave1_retimed_pass1, wave1_habit_resize, wave1_2026_q4_retime",
Rapides Parish,LA,CDA-27345,Rapides Parish-NONE-CDA-27345-Stat Area - 2026 - CDA-27345,(no ROQ job),not_started,2027-02-01,2027-07-31,61.11,61.11,61.11,3932.0,3932.0,3932.0,30.25,0.0,30.25,blocked,3932.0,247.0,0.0,247.0,15,0,9,0,0,0,6,,,,,no_ocius_job_match,"wave1_retimed_pass1, wave1_habit_resize, wave1_2026_q4_retime",
Allen Parish,LA,CA-9393,Allen Parish-NONE-CA-9393-Construction Area - FW - EACAM Build 1,(no ROQ job),,2027-04-01,2027-10-31,324.41,316.35,316.35,3931.0,3931.0,3931.0,11.97,0.99,10.98,partial,3931.0,2.0,0.0,2.0,2,0,0,0,0,0,2,,,,,no_ocius_job_match,"newborn_hi_only, newborn_status_strong",
Rapides Parish,LA,CDA-27342,Rapides Parish-NONE-CDA-27342-Stat Area - 2026 - CDA-27342,(no ROQ job),not_started,2026-10-01,2027-05-31,99.55,99.55,99.55,3850.0,3850.0,3850.0,107.18,0.0,107.18,blocked,3850.0,1108.0,0.0,1108.0,67,0,56,0,0,0,11,,,,,no_ocius_job_match,"wave1_retimed_pass1, parent_resized_after_child, wave1_habit_resize, wave1_2026_q4_retime",
Lincoln Parish,LA,CDA-27360,Lincoln Parish-NONE-CDA-27360-Stat Area - 2027 - CDA-27360,(no ROQ job),not_started,2026-10-01,2027-05-31,122.12,122.12,122.12,3682.0,3682.0,3682.0,74.6,74.6,0.0,clear,0.0,471.0,0.0,471.0,33,0,32,1,0,0,0,,,,,no_ocius_job_match,"wave1_retimed_pass1, wave1_habit_resize, wave1_2026_q4_retime",
Lafayette Parish,LA,CDA-27374,Lafayette Parish-NONE-CDA-27374-Stat Area - 2026 - CDA-27374,(no ROQ job),not_started,2026-10-01,2027-05-31,87.88,87.88,87.88,3133.0,3133.0,3133.0,75.03,0.0,75.03,blocked,3133.0,1319.0,0.0,1319.0,71,0,71,0,0,0,0,,,,,no_ocius_job_match,"wave1_retimed_pass1, wave1_habit_resize, wave1_2026_q4_retime",
Rapides Parish,LA,CDA-27344,Rapides Parish-NONE-CDA-27344-Stat Area - 2026 - CDA-27344,(no ROQ job),not_started,2027-08-01,2028-02-29,30.32,30.32,30.32,3121.0,3121.0,3121.0,4.95,0.0,4.95,blocked,3121.0,80.0,0.0,80.0,7,0,7,0,0,0,0,,,,,no_ocius_job_match,"wave1_retimed_pass1, wave1_habit_resize, wave1_2026_q4_retime",
Grant Parish,LA,CA-9803,Grant Parish-NONE-CA-9803-Construction Area - Grant South - 2026,(no ROQ job),,2027-01-01,2027-03-31,74.76,72.97,72.97,3026.0,3025.0,3025.0,71.42,0.0,71.42,blocked,3025.0,1067.0,0.4,1066.6,77,0,42,0,1,32,2,,,,,no_ocius_job_match,"newborn_hi_only, newborn_status_strong",
Vernon Parish,LA,CDA-26549,Vernon Parish-NONE-CDA-26549-Stat Area - 2027 - CDA-26549,(no ROQ job),not_started,2026-08-01,2027-06-30,52.17,52.17,52.17,2991.0,2991.0,2991.0,31.28,0.0,31.28,blocked,2991.0,327.0,0.0,327.0,39,0,24,0,0,15,0,,,,,no_ocius_job_match,"wave1_pinned_authority, wave1_ic_remain_from_now, parent_never_active",
Rapides Parish,LA,CDA-27348,Rapides Parish-NONE-CDA-27348-Stat Area - 2026 - CDA-27348,(no ROQ job),not_started,2026-08-01,2027-07-31,105.6,105.6,105.6,2914.0,2914.0,2914.0,91.42,55.53,35.89,partial,2914.0,1228.0,0.0,1228.0,218,0,73,0,12,130,3,,,,,no_ocius_job_match,"wave1_pinned_authority, wave1_ic_remain_from_now, parent_never_active",
Iberia Parish,LA,CDA-27367,Iberia Parish-NONE-CDA-27367-Stat Area - 2027 - CDA-27367,(no ROQ job),not_started,2026-10-01,2027-05-31,76.19,76.19,76.19,2753.0,2753.0,2753.0,60.76,0.0,60.76,blocked,2753.0,1168.0,0.0,1168.0,77,0,75,0,0,0,2,,,,,no_ocius_job_match,"wave1_retimed_pass1, wave1_habit_resize, wave1_2026_q4_retime",
Jefferson Davis Parish,LA,CA-9812,Jefferson Davis Parish-NONE-CA-9812-Construction Area - Lake Arthur Service Area,(no ROQ job),,2027-05-01,2027-07-31,76.36,76.36,76.36,2741.0,2741.0,2741.0,29.85,29.85,0.0,clear,0.0,247.0,0.0,247.0,22,0,16,0,0,0,6,,,,,no_ocius_job_match,"newborn_hi_only, newborn_status_strong",
Jefferson Davis Parish,LA,CA-9809,Jefferson Davis Parish-NONE-CA-9809-Construction Area - Welsh Service Area,(no ROQ job),,2027-05-01,2027-07-31,98.15,98.15,98.15,2562.0,2562.0,2562.0,44.79,4.28,40.51,partial,2562.0,219.0,0.0,219.0,33,0,20,1,0,0,12,,,,,no_ocius_job_match,"newborn_hi_only, newborn_status_strong",
Natchitoches Parish,LA,CDA-27356,Natchitoches Parish-NONE-CDA-27356-Stat Area - 2027 - CDA-27356,(no ROQ job),not_started,2026-08-01,2027-02-28,15.13,15.13,15.13,2480.0,2480.0,2480.0,3.19,0.0,3.19,blocked,2480.0,29.0,0.0,29.0,13,0,1,0,0,12,0,,,,,no_ocius_job_match,"wave1_pinned_authority, wave1_ic_remain_from_now, parent_never_active",
Vermilion Parish,LA,CDA-26957,Vermilion Parish-NONE-CDA-26957-Stat Area - 2027 - CDA-26957,(no ROQ job),not_started,2026-10-01,2027-08-31,222.02,222.02,222.02,2381.0,2381.0,2381.0,175.34,175.34,0.0,clear,0.0,931.0,0.0,931.0,126,0,87,0,0,0,39,,,,,no_ocius_job_match,"wave1_retimed_pass1, wave1_habit_resize, wave1_2026_q4_retime",
Calcasieu Parish,LA,CDA-28562,Calcasieu Parish-NONE-CDA-28562-Stat Area - 2027 - CDA-28562,(no ROQ job),not_started,2026-10-01,2027-05-31,84.19,84.19,84.19,2138.0,2138.0,2138.0,60.83,58.36,2.47,partial,2138.0,545.0,0.0,545.0,47,0,42,0,0,0,5,,,,,no_ocius_job_match,"wave1_retimed_pass1, wave1_habit_resize, wave1_2026_q4_retime",
Rapides Parish,LA,CDA-26977,Rapides Parish-NONE-CDA-26977-Stat Area - 2026 - CDA-26977,(no ROQ job),not_started,2026-08-01,2027-04-30,57.19,57.19,57.19,2103.0,2103.0,2103.0,63.31,63.31,0.0,clear,0.0,1190.0,0.0,1190.0,111,0,70,0,0,19,22,,,,,no_ocius_job_match,"wave1_pinned_authority, wave1_ic_remain_from_now, parent_never_active",
Iberia Parish,LA,CDA-27370,Iberia Parish-NONE-CDA-27370-Stat Area - 2027 - CDA-27370,(no ROQ job),not_started,2027-01-01,2027-06-30,49.57,49.57,49.57,2057.0,2057.0,2057.0,37.76,0.0,37.76,blocked,2057.0,484.0,0.0,484.0,109,1,108,0,0,0,0,,,,,no_ocius_job_match,"wave1_retimed_pass1, wave1_habit_resize, wave1_2026_q4_retime",
Lafayette Parish,LA,CDA-27380,Lafayette Parish-NONE-CDA-27380-Stat Area - 2027 - CDA-27380,(no ROQ job),not_started,2027-02-01,2027-07-31,25.17,25.17,25.17,2021.0,2021.0,2021.0,38.2,0.0,38.2,blocked,2021.0,131.0,0.0,131.0,21,0,14,0,0,0,7,,,,,no_ocius_job_match,"wave1_retimed_pass1, wave1_habit_resize, wave1_2026_q4_retime",
Jefferson Davis County,MS,CDA-32561,Jefferson Davis County-NONE-CDA-32561-Stat Area - 2027 - CDA-32561,(no ROQ job),not_started,2027-05-01,2027-08-31,110.36,110.36,110.36,1980.0,1980.0,1980.0,0.0,0.0,0.0,no_data,1980.0,1302.0,0.0,1302.0,0,0,0,0,0,0,0,,,,,no_ocius_job_match,"wave1_retimed_pass1, wave1_2027_spread",
Jefferson Davis County,MS,CDA-32560,Jefferson Davis County-NONE-CDA-32560-Stat Area - 2027 - CDA-32560,(no ROQ job),not_started,2027-02-01,2027-05-31,79.8,79.8,79.8,1970.0,1970.0,1970.0,0.0,0.0,0.0,no_data,1970.0,1139.0,0.0,1139.0,0,0,0,0,0,0,0,,,,,no_ocius_job_match,"wave1_retimed_pass1, wave1_2027_spread",
Concordia Parish,LA,CDA-26968,Concordia Parish-NONE-CDA-26968-Stat Area - 2026 - CDA-26968,(no ROQ job),not_started,2027-01-01,2027-03-31,4.14,4.14,4.14,1951.0,1951.0,1951.0,1.44,1.44,0.0,clear,0.0,8.0,0.0,8.0,0,0,0,0,0,0,0,,,,,no_ocius_job_match,"wave1_retimed_pass1, wave1_habit_resize, wave1_2026_q4_retime",
Evangeline Parish,LA,CDA-26544,Evangeline Parish-NONE-CDA-26544-Stat Area - 2026 - CDA-26544,(no ROQ job),not_started,2026-11-01,2027-06-30,60.28,60.28,60.28,1937.0,1937.0,1937.0,66.51,66.51,0.0,clear,0.0,515.0,0.0,515.0,85,0,70,0,0,0,15,,,,,no_ocius_job_match,"wave1_retimed_pass1, wave1_habit_resize, wave1_2026_q4_retime",
Iberia Parish,LA,CDA-27369,Iberia Parish-NONE-CDA-27369-Stat Area - 2027 - CDA-27369,(no ROQ job),not_started,2027-04-01,2027-08-31,45.94,45.94,45.94,1919.0,1919.0,1919.0,50.1,0.0,50.1,blocked,1919.0,370.0,0.0,370.0,54,0,54,0,0,0,0,,,,,no_ocius_job_match,"wave1_retimed_pass1, wave1_habit_resize, wave1_2026_q4_retime",
Iberia Parish,LA,CDA-27368,Iberia Parish-NONE-CDA-27368-Stat Area - 2027 - CDA-27368,(no ROQ job),not_started,2026-11-01,2027-06-30,53.68,53.68,53.68,1856.0,1856.0,1856.0,66.76,0.0,66.76,blocked,1856.0,595.0,0.0,595.0,278,2,81,0,0,0,195,,,,,no_ocius_job_match,"wave1_retimed_pass1, wave1_habit_resize, wave1_2026_q4_retime",
Rapides Parish,LA,CDA-27343,Rapides Parish-NONE-CDA-27343-Stat Area - 2026 - CDA-27343,(no ROQ job),not_started,2027-05-01,2027-09-30,68.8,68.8,68.8,1789.0,1789.0,1789.0,57.94,0.0,57.94,blocked,1789.0,436.0,0.0,436.0,38,0,28,0,0,0,10,,,,,no_ocius_job_match,"wave1_retimed_pass1, wave1_habit_resize, wave1_2026_q4_retime",
Cameron Parish,LA,CA-9796,Cameron Parish-NONE-CA-9796-Construction Area - FW - EACAM Build 3,(no ROQ job),,2027-04-01,2027-07-31,184.05,184.05,184.05,1752.0,1752.0,1752.0,0.0,0.0,0.0,no_data,1752.0,0.0,0.0,0.0,0,0,0,0,0,0,0,,,,,no_ocius_job_match,"newborn_hi_only, newborn_status_strong",
Faulkner County,AR,CA-8505,Faulkner County-NONE-CA-8505-Construction Area - Mayflower West,(no ROQ job),in_construction,2025-11-01,2026-05-31,71.8,63.56,63.56,1803.0,1655.0,1655.0,0.0,0.0,0.0,no_data,1655.0,0.0,0.0,0.0,0,0,0,0,0,0,0,1848097.1,874236.16,454356.68,3176689.95,matched_williams825_pin,wave1_pinned_authority,363
De Soto Parish,LA,CA-8922,De Soto Parish-NONE-CA-8922-Construction Area - Frierson,(no ROQ job),in_construction,2028-01-01,2028-08-31,106.03,106.03,106.03,1597.0,1597.0,1597.0,72.02,0.0,72.02,blocked,1597.0,354.0,0.0,354.0,39,0,32,1,0,3,3,,,,,no_ocius_job_match,"wave1_pinned_authority, legal_hold_desoto_ef, legal_hold_orig_start:2027-05-01, legal_hold_restart_2028_01",337
Rapides Parish,LA,CA-9366,Rapides Parish-NONE-CA-9366-Construction Area - Rapides West RDOF,(no ROQ job),in_construction,2026-04-01,2026-08-31,69.69,69.69,69.69,1581.0,1581.0,1581.0,73.72,0.0,73.72,blocked,1581.0,562.0,0.0,562.0,19,0,12,0,0,0,7,1280403.41,714858.91,753795.25,2749057.58,matched_williams825_pin,wave1_pinned_authority,429
Tensas Parish,LA,CA-8948,Tensas Parish-NONE-CA-8948-Construction Area - Tensas,Loaded,in_construction,2026-03-01,2026-08-31,124.12,124.12,124.12,1563.0,1563.0,1563.0,91.15,91.15,0.0,clear,0.0,430.0,0.0,430.0,309,0,22,0,0,0,287,2334336.11,1051578.32,785464.38,4171378.81,matched_williams825_pin,wave1_pinned_authority,407
Winn Parish,LA,CA-8504,Winn Parish-NONE-CA-8504-Construction Area - Winn South Remaining,(no ROQ job),in_construction,2026-09-15,2026-11-14,25.65,25.65,25.65,1563.0,1563.0,1563.0,20.24,20.24,0.0,clear,0.0,242.0,0.0,242.0,23,0,13,0,0,0,10,660256.22,363632.85,288636.37,1312525.44,matched_williams825_pin,"wave1_pinned_authority, operator_restored_williams_v825",384
Rapides Parish,LA,CA-9368,Rapides Parish-NONE-CA-9368-Construction Area - Rapides Central RDOF,(no ROQ job),in_construction,2026-08-01,2027-02-28,45.02,45.02,45.02,1537.0,1537.0,1537.0,33.09,0.0,33.09,blocked,1537.0,167.0,0.0,167.0,10,0,10,0,0,0,0,877304.73,473075.45,284914.92,1635295.09,matched_williams825_pin,"wave1_pinned_authority, wave1_ic_remain_from_now",430
Lafayette Parish,LA,CDA-27386,Lafayette Parish-NONE-CDA-27386-Stat Area - 2027 - CDA-27386,(no ROQ job),not_started,2026-11-01,2027-06-30,32.24,32.24,32.24,1356.0,1356.0,1356.0,26.4,0.0,26.4,blocked,1356.0,357.0,0.0,357.0,21,0,21,0,0,0,0,,,,,no_ocius_job_match,"wave1_retimed_pass1, wave1_habit_resize, wave1_2026_q4_retime",
Rapides Parish,LA,CA-9367,Rapides Parish-NONE-CA-9367-Construction Area - Rapides Southwest RDOF,(no ROQ job),in_construction,2026-04-01,2026-08-31,65.63,65.63,65.63,1340.0,1340.0,1340.0,79.52,0.0,79.52,blocked,1340.0,1069.0,0.0,1069.0,55,0,50,1,0,0,4,1228067.07,632098.44,709831.47,2569996.99,matched_williams825_pin,wave1_pinned_authority,431
De Soto Parish,LA,CA-8950,"De Soto Parish-NONE-CA-8950-Construction Area - Gloster, LA",(no ROQ job),in_construction,2028-01-01,2028-05-31,29.87,29.87,29.87,1326.0,1326.0,1326.0,24.46,0.0,24.46,blocked,1326.0,248.0,0.0,248.0,11,0,11,0,0,0,0,,,,,no_ocius_job_match,"wave1_pinned_authority, operator_restored_williams_v825, legal_hold_desoto_ef, legal_hold_orig_start:2027-07-01, legal_hold_restart_2028_01",
Rapides Parish,LA,CA-9369,Rapides Parish-NONE-CA-9369-Construction Area - Rapides South RDOF,(no ROQ job),in_construction,2026-08-01,2027-02-28,34.14,34.14,34.14,1239.0,1239.0,1239.0,37.61,36.29,1.32,partial,1239.0,245.0,0.0,245.0,26,0,25,0,0,0,1,,,,,no_ocius_job_match,"wave1_pinned_authority, wave1_ic_remain_from_now",
Avoyelles Parish,LA,CA-8934,Avoyelles Parish-NONE-CA-8934-Construction Area - Avoyelles Extended North,(no ROQ job),in_construction,2026-09-15,2027-02-14,69.36,69.36,69.36,1231.0,1231.0,1231.0,48.95,0.0,48.95,blocked,1231.0,592.0,0.0,592.0,45,0,20,0,0,0,25,249778.89,679473.46,501414.78,1430667.13,matched_williams825_pin,"wave1_pinned_authority, operator_restored_williams_v825",408
De Soto Parish,LA,CA-8925,De Soto Parish-NONE-CA-8925-Construction Area - Logansport,(no ROQ job),in_construction,2028-01-01,2028-06-30,48.72,48.72,48.72,1221.0,1221.0,1221.0,42.47,0.0,42.47,blocked,1221.0,360.0,0.0,360.0,19,0,19,0,0,0,0,1253963.74,593183.36,308288.35,2155435.44,matched_williams825_pin,"wave1_pinned_authority, operator_restored_williams_v825, legal_hold_desoto_ef, legal_hold_orig_start:2027-05-01, legal_hold_restart_2028_01",386
Jefferson Davis Parish,LA,CA-9811,Jefferson Davis Parish-NONE-CA-9811-Construction Area - Elton Service Area,(no ROQ job),,2027-05-01,2027-07-31,57.19,55.8,55.8,1221.0,1221.0,1221.0,31.34,31.34,0.0,clear,0.0,103.0,0.0,103.0,15,0,2,0,0,0,13,,,,,no_ocius_job_match,"newborn_hi_only, newborn_status_strong",
Evangeline Parish,LA,CA-8960,Evangeline Parish-NONE-CA-8960-Construction Area - Evangeline North,Loaded,in_construction,2026-03-01,2026-05-31,74.84,74.84,74.84,1204.0,1204.0,1204.0,47.59,47.59,0.0,clear,0.0,800.0,0.0,800.0,122,0,79,0,18,8,17,724350.74,346045.53,809535.39,1879931.66,matched_williams825_pin,wave1_pinned_authority,416
Winn Parish,LA,CA-8503,Winn Parish-NONE-CA-8503-Construction Area - Winn North Remaining,(no ROQ job),in_construction,2026-09-15,2026-10-14,12.9,12.9,12.9,1139.0,1139.0,1139.0,7.32,7.32,0.0,clear,0.0,245.0,0.0,245.0,15,0,15,0,0,0,0,412936.27,254335.22,257473.31,924744.8,matched_williams825_pin,"wave1_pinned_authority, operator_restored_williams_v825",385
De Soto Parish,LA,CDA-28998,De Soto Parish-NONE-CDA-28998-Stat Area - 2027 - CDA-28998,(no ROQ job),not_started,2028-01-01,2028-04-30,6.84,6.84,6.84,1123.0,1123.0,1123.0,0.56,0.0,0.56,blocked,1123.0,0.0,0.0,0.0,0,0,0,0,0,0,0,,,,,no_ocius_job_match,"wave1_retimed_pass1, legal_hold_desoto_ef, legal_hold_orig_start:2026-11-01, legal_hold_restart_2028_01",
East Feliciana Parish,LA,DA-6767,East Feliciana Parish-NONE-DA-6767-APPROVEDDESIGNAREAS - Wilson,(no ROQ job),not_started,2028-01-01,2028-06-30,15.58,15.58,15.58,1096.0,1096.0,1096.0,13.56,0.0,13.56,blocked,1096.0,40.0,0.0,40.0,2,1,1,0,0,0,0,,,,,no_ocius_job_match,"wave1_pinned_authority, legal_hold_desoto_ef, legal_hold_orig_start:2026-01-01, legal_hold_restart_2028_01",
Natchitoches Parish,LA,DA-6773,Natchitoches Parish-NONE-DA-6773-APPROVEDDESIGNAREAS - Natchitoches Transport,(no ROQ job),not_started,2025-08-01,2025-08-31,4.26,4.26,4.26,1055.0,1055.0,1055.0,9.75,0.0,9.75,blocked,1055.0,58.0,0.0,58.0,10,0,3,0,0,7,0,,,,,no_ocius_job_match,"wave1_pinned_authority, parent_resized_after_child, parent_never_active",
Jefferson County,MS,CA-8473,Jefferson County-NONE-CA-8473-Construction Area - CPF_BEAM_Fayette,In Construction,in_construction,2025-09-01,2025-11-30,12.27,0.0,0.68,1417.0,5.0,1003.2,0.0,0.0,0.0,no_data,1003.2,0.0,0.0,0.0,0,0,0,0,0,0,0,0.0,44122.02,244828.46,288950.48,matched_williams825_pin,wave1_pinned_authority,349
East Feliciana Parish,LA,CA-8449,East Feliciana Parish-NONE-CA-8449-Construction Area - South Clinton,(no ROQ job),in_construction,2028-01-01,2028-06-30,65.5,65.5,65.5,997.0,997.0,997.0,0.0,0.0,0.0,no_data,997.0,24.0,0.0,24.0,0,0,0,0,0,0,0,1685855.17,797488.16,708413.31,3191756.63,matched_williams825_pin,"wave1_pinned_authority, operator_restored_williams_v825, legal_hold_desoto_ef, legal_hold_orig_start:2027-03-01, legal_hold_restart_2028_01",401
Natchitoches Parish,LA,CDA-27355,Natchitoches Parish-NONE-CDA-27355-Stat Area - 2027 - CDA-27355,(no ROQ job),not_started,2026-08-01,2027-02-28,17.13,17.13,17.13,972.0,972.0,972.0,10.47,0.0,10.47,blocked,972.0,44.0,0.0,44.0,3,0,2,0,0,1,0,,,,,no_ocius_job_match,"wave1_pinned_authority, wave1_ic_remain_from_now, parent_never_active",
Covington County,MS,CDA-32564,Covington County-NONE-CDA-32564-Stat Area - 2027 - CDA-32564,(no ROQ job),not_started,2026-10-01,2027-05-31,67.46,67.46,67.46,952.0,952.0,952.0,0.0,0.0,0.0,no_data,952.0,678.0,0.0,678.0,0,0,0,0,0,0,0,,,,,no_ocius_job_match,"wave1_retimed_pass1, wave1_habit_resize, wave1_2026_q4_retime",
Jefferson Davis County,MS,CDA-32557,Jefferson Davis County-NONE-CDA-32557-Stat Area - 2027 - CDA-32557,(no ROQ job),not_started,2027-01-01,2027-04-30,71.3,71.3,71.3,918.0,918.0,918.0,0.0,0.0,0.0,no_data,918.0,556.0,0.0,556.0,0,0,0,0,0,0,0,,,,,no_ocius_job_match,"wave1_retimed_pass1, wave1_2027_spread",
Sabine Parish,LA,CA-6892,Sabine Parish-NONE-CA-6892-Construction Area - Zwolle Construction Area,In Construction,in_construction,2025-02-01,2025-07-31,209.85,42.27,32.94,5800.0,1745.0,910.3,26.3,26.3,0.0,clear,0.0,683.0,575.8,107.2,245,0,43,0,200,2,0,0.0,89951.42,2269818.39,2359769.81,matched_williams825_pin,wave1_pinned_authority,174
Evangeline Parish,LA,CDA-26545,Evangeline Parish-NONE-CDA-26545-Stat Area - 2026 - CDA-26545,(no ROQ job),not_started,2026-10-01,2027-05-31,63.97,63.97,63.97,874.0,874.0,874.0,51.57,51.57,0.0,clear,0.0,425.0,0.0,425.0,75,0,41,0,0,0,34,,,,,no_ocius_job_match,"wave1_retimed_pass1, wave1_habit_resize, wave1_2026_q4_retime",
Rapides Parish,LA,CA-9365,Rapides Parish-NONE-CA-9365-Construction Area - Rapides North RDOF,(no ROQ job),in_construction,2026-02-01,2026-06-30,51.48,50.87,50.87,828.0,828.0,828.0,45.73,0.0,45.73,blocked,828.0,88.0,0.0,88.0,8,0,6,0,0,0,2,489066.0,350759.04,325806.78,1165631.82,matched_williams825_pin,wave1_pinned_authority,423
East Feliciana Parish,LA,CA-8447,East Feliciana Parish-NONE-CA-8447-Construction Area - North Clinton,(no ROQ job),in_construction,2028-01-01,2028-06-30,54.35,53.69,53.69,807.0,807.0,807.0,1.24,0.0,1.24,blocked,807.0,11.0,0.0,11.0,0,0,0,0,0,0,0,1398875.74,661733.49,587821.66,2648430.89,matched_williams825_pin,"wave1_pinned_authority, operator_restored_williams_v825, legal_hold_desoto_ef, legal_hold_orig_start:2027-03-01, legal_hold_restart_2028_01",400
Vernon Parish,LA,CDA-26552,Vernon Parish-NONE-CDA-26552-Stat Area - 2027 - CDA-26552,(no ROQ job),not_started,2026-08-01,2026-10-31,13.45,13.45,13.45,777.0,776.0,776.0,14.33,0.0,14.33,blocked,776.0,190.0,0.2,189.8,6,0,4,0,0,2,0,,,,,no_ocius_job_match,"wave1_pinned_authority, wave1_ic_remain_from_now, parent_never_active",
De Soto Parish,LA,CA-8937,De Soto Parish-NONE-CA-8937-Construction Area - De Soto Extended 2,(no ROQ job),in_construction,2028-01-01,2028-05-31,28.3,28.3,28.3,773.0,771.0,771.0,9.09,0.0,9.09,blocked,771.0,96.0,0.2,95.8,14,0,6,0,0,0,8,728514.1,344621.16,179105.98,1252241.24,matched_williams825_pin,"wave1_pinned_authority, operator_restored_williams_v825, legal_hold_desoto_ef, legal_hold_orig_start:2027-07-01, legal_hold_restart_2028_01",415
Vermilion Parish,LA,DA-10516,Vermilion Parish-NONE-DA-10516-APPROVEDDESIGNAREAS - Vermillion Parish,(no ROQ job),not_started,2026-11-01,2027-03-31,7.11,7.11,7.11,757.0,757.0,757.0,0.31,0.0,0.31,blocked,757.0,0.0,0.0,0.0,1,0,1,0,0,0,0,,,,,no_ocius_job_match,"wave1_retimed_pass1, wave1_mk48_resize, parent_resized_after_child, wave1_habit_resize, wave1_2026_q4_retime, parent_polygon_volume_review",
De Soto Parish,LA,CA-8919,De Soto Parish-NONE-CA-8919-Construction Area - Mansfield West,(no ROQ job),in_construction,2028-01-01,2028-06-30,48.25,48.25,48.25,755.0,755.0,755.0,29.67,0.0,29.67,blocked,755.0,150.0,0.0,150.0,8,0,8,0,0,0,0,1241938.2,587494.71,521874.93,2351307.84,matched_williams825_pin,"wave1_pinned_authority, operator_restored_williams_v825, legal_hold_desoto_ef, legal_hold_orig_start:2027-05-01, legal_hold_restart_2028_01",374
East Feliciana Parish,LA,DA-6768,East Feliciana Parish-NONE-DA-6768-APPROVEDDESIGNAREAS - Clinton,(no ROQ job),not_started,2028-01-01,2028-09-30,24.6,24.6,24.6,729.0,729.0,729.0,18.61,0.0,18.61,blocked,729.0,0.0,0.0,0.0,3,0,3,0,0,0,0,,,,,no_ocius_job_match,"wave1_retimed_pass1, legal_hold_desoto_ef, legal_hold_orig_start:2026-09-01, legal_hold_restart_2028_01",
Washington Parish,LA,CA-4485,Washington Parish-NONE-CA-4485-Construction Area - Bogalusa - Ring Completion,(no ROQ job),complete,2024-09-01,2024-09-30,9.49,9.49,9.49,713.0,713.0,713.0,3.51,3.51,0.0,clear,0.0,89.0,0.0,89.0,3,0,3,0,0,0,0,229165.08,154172.37,77861.45,461198.89,matched_williams825_pin,wave1_pinned_authority,31
Acadia Parish,LA,DA-10517,Acadia Parish-NONE-DA-10517-APPROVEDDESIGNAREAS - Acadia Parish,(no ROQ job),not_started,2026-08-01,2027-02-28,35.53,35.53,35.53,688.0,688.0,688.0,11.65,9.25,2.4,partial,688.0,33.0,0.0,33.0,0,0,0,0,0,0,0,,,,,no_ocius_job_match,"wave1_pinned_authority, wave1_ic_remain_from_now, parent_resized_after_child, parent_never_active",
East Feliciana Parish,LA,CA-8455,East Feliciana Parish-NONE-CA-8455-Construction Area - Wilson North,(no ROQ job),in_construction,2028-01-01,2028-08-31,30.01,30.01,30.01,613.0,613.0,613.0,3.58,0.0,3.58,blocked,613.0,18.0,0.0,18.0,3,0,3,0,0,0,0,772406.51,365384.32,324572.99,1462363.82,matched_williams825_pin,"wave1_pinned_authority, operator_restored_williams_v825, legal_hold_desoto_ef, legal_hold_orig_start:2027-03-01, legal_hold_restart_2028_01",399
Natchitoches Parish,LA,CA-7591,Natchitoches Parish-NONE-CA-7591-Construction Area - Natchez,In Construction,in_construction,2025-06-01,2025-10-31,92.7,39.48,33.28,1498.0,873.0,499.8,22.6,0.0,22.6,blocked,499.8,447.0,297.9,149.1,197,0,16,0,181,0,0,985505.87,384543.97,1002634.76,2372684.6,matched_williams825_pin,wave1_pinned_authority,276
Pearl River County,MS,CDA-32569,Pearl River County-NONE-CDA-32569-Stat Area - 2027 - CDA-32569,(no ROQ job),not_started,2026-10-01,2027-05-31,33.98,33.98,33.98,468.0,468.0,468.0,0.0,0.0,0.0,no_data,468.0,239.0,0.0,239.0,0,0,0,0,0,0,0,,,,,no_ocius_job_match,"wave1_retimed_pass1, wave1_habit_resize, wave1_2026_q4_retime",
Bienville Parish,LA,CA-8941,Bienville Parish-NONE-CA-8941-Construction Area - Bienville RDOF,Loaded,in_construction,2026-02-01,2026-05-31,42.67,31.81,31.81,595.0,459.0,459.0,4.23,0.0,4.23,blocked,459.0,129.0,29.5,99.5,1,0,1,0,0,0,0,94802.13,71270.68,270055.77,436128.57,matched_williams825_pin,wave1_pinned_authority,392
Concordia Parish,LA,CDA-26970,Concordia Parish-NONE-CDA-26970-Stat Area - 2026 - CDA-26970,(no ROQ job),not_started,2026-11-01,2027-06-30,19.8,19.8,19.8,432.0,432.0,432.0,19.1,19.1,0.0,clear,0.0,286.0,0.0,286.0,52,0,14,0,0,6,32,,,,,no_ocius_job_match,"wave1_retimed_pass1, wave1_habit_resize, wave1_2026_q4_retime",
Lamar County,MS,CA-8943,Lamar County-NONE-CA-8943-Construction Area - Lamar County RDOF,Loaded,in_construction,2026-04-01,2026-06-30,27.36,27.36,27.36,416.0,416.0,416.0,0.0,0.0,0.0,no_data,416.0,0.0,0.0,0.0,0,0,0,0,0,0,0,0.0,31192.26,173146.31,204338.57,matched_williams825_pin,wave1_pinned_authority,404
East Feliciana Parish,LA,CA-8448,East Feliciana Parish-NONE-CA-8448-Construction Area - East F State Roads and Towns,In Construction,in_construction,2028-01-01,2029-09-30,122.42,121.1,12.85,1718.0,1718.0,414.8,13.0,0.0,13.0,blocked,414.8,119.0,90.3,28.7,6,0,6,0,0,0,0,802770.36,297567.31,442012.6,1542350.27,matched_williams825_pin,"wave1_pinned_authority, legal_hold_desoto_ef, legal_hold_orig_start:2025-08-01, legal_hold_restart_2028_01",318
Calcasieu Parish,LA,CA-9797,Calcasieu Parish-NONE-CA-9797-Construction Area - FW - EACAM Build 6,(no ROQ job),,2027-04-01,2027-05-31,36.48,36.48,36.48,414.0,414.0,414.0,0.0,0.0,0.0,no_data,414.0,0.0,0.0,0.0,0,0,0,0,0,0,0,,,,,no_ocius_job_match,"newborn_hi_only, newborn_status_strong",
Faulkner County,AR,CA-8506,Faulkner County-NONE-CA-8506-Construction Area - Mayflower East,In Construction,in_construction,2025-11-01,2026-05-31,24.89,24.89,24.89,413.0,413.0,413.0,0.0,0.0,0.0,no_data,413.0,0.0,0.0,0.0,0,0,0,0,0,0,0,633643.86,301071.24,269243.66,1203958.75,matched_williams825_pin,wave1_pinned_authority,358
Grant Parish,LA,CDA-28578,Grant Parish-NONE-CDA-28578-Stat Area - 2027 - CDA-28578,(no ROQ job),not_started,2026-08-01,2026-10-31,1.44,1.44,1.44,403.0,403.0,403.0,36.21,0.0,36.21,blocked,403.0,313.0,0.0,313.0,35,0,25,0,0,2,8,,,,,no_ocius_job_match,"wave1_pinned_authority, wave1_ic_remain_from_now, parent_polygon_volume_review, parent_never_active",
De Soto Parish,LA,CDA-29000,De Soto Parish-NONE-CDA-29000-Stat Area - 2026 - CDA-29000,(no ROQ job),not_started,2028-01-01,2028-02-29,1.8,1.8,1.8,393.0,393.0,393.0,0.0,0.0,0.0,no_data,393.0,0.0,0.0,0.0,0,0,0,0,0,0,0,,,,,no_ocius_job_match,"wave1_pinned_authority, legal_hold_desoto_ef, legal_hold_orig_start:2026-09-01, legal_hold_restart_2028_01",
Calcasieu Parish,LA,CA-8433,Calcasieu Parish-NONE-CA-8433-Construction Area - Dequincy Northeast,(no ROQ job),in_construction,2026-08-01,2026-09-30,7.9,7.9,7.9,350.0,350.0,350.0,4.1,4.1,0.0,clear,0.0,37.0,0.0,37.0,3,0,2,0,0,1,0,203371.8,112006.02,88905.64,404283.46,matched_williams825_pin,"wave1_pinned_authority, wave1_ic_remain_from_now",238
Avoyelles Parish,LA,CDA-28975,Avoyelles Parish-NONE-CDA-28975-Stat Area - 2027 - CDA-28975,(no ROQ job),not_started,2026-08-01,2026-10-31,14.93,14.93,14.93,349.0,349.0,349.0,9.4,0.0,9.4,blocked,349.0,129.0,0.0,129.0,6,0,5,0,0,0,1,,,,,no_ocius_job_match,"wave1_pinned_authority, wave1_ic_remain_from_now, parent_never_active",
Natchitoches Parish,LA,CA-8947,Natchitoches Parish-NONE-CA-8947-Construction Area - St Maurice,Loaded,in_construction,2026-01-01,2026-03-31,46.27,21.22,21.22,513.0,344.0,344.0,21.69,0.0,21.69,blocked,344.0,177.0,58.3,118.7,38,0,12,0,0,26,0,307497.95,173296.11,292807.54,773601.6,matched_williams825_pin,wave1_pinned_authority,389
Webster Parish,LA,CDA-26951,Webster Parish-NONE-CDA-26951-Stat Area - 2026 - CDA-26951,(no ROQ job),not_started,2027-07-01,2027-11-30,16.43,16.43,16.43,319.0,319.0,319.0,8.72,8.72,0.0,clear,0.0,79.0,0.0,79.0,5,0,5,0,0,0,0,,,,,no_ocius_job_match,"wave1_retimed_pass1, wave1_habit_resize, wave1_2026_q4_retime",
Rapides Parish,LA,CA-8931,Rapides Parish-NONE-CA-8931-Construction Area - Pine Coupee,Loaded,in_construction,2026-02-01,2026-06-30,26.54,26.54,26.54,300.0,300.0,300.0,9.83,0.0,9.83,blocked,300.0,7.0,0.0,7.0,0,0,0,0,0,0,0,0.0,28304.31,167945.47,196249.77,matched_williams825_pin,wave1_pinned_authority,403
Vernon Parish,LA,CDA-26550,Vernon Parish-NONE-CDA-26550-Stat Area - 2027 - CDA-26550,(no ROQ job),not_started,2026-11-01,2027-04-30,9.67,9.67,9.67,299.0,299.0,299.0,9.32,0.0,9.32,blocked,299.0,84.0,0.0,84.0,9,0,8,0,0,1,0,,,,,no_ocius_job_match,"wave1_retimed_pass1, wave1_habit_resize, wave1_2026_q4_retime",
Lafayette Parish,LA,DA-10518,Lafayette Parish-NONE-DA-10518-APPROVEDDESIGNAREAS - Lafayette Parish,(no ROQ job),not_started,2027-01-01,2027-01-31,1.02,1.02,1.02,264.0,264.0,264.0,3.29,0.0,3.29,blocked,264.0,41.0,0.0,41.0,0,0,0,0,0,0,0,,,,,no_ocius_job_match,"wave1_retimed_pass1, wave1_mk48_resize, parent_resized_after_child, wave1_habit_resize, wave1_2026_q4_retime",
Vernon Parish,LA,CDA-26551,Vernon Parish-NONE-CDA-26551-Stat Area - 2027 - CDA-26551,(no ROQ job),not_started,2026-10-01,2026-11-30,3.98,3.98,3.98,264.0,264.0,264.0,9.19,0.0,9.19,blocked,264.0,109.0,0.0,109.0,10,0,4,0,0,6,0,,,,,no_ocius_job_match,"wave1_retimed_pass1, wave1_habit_resize, wave1_2026_q4_retime",
Wilkinson County,MS,CA-8464,Wilkinson County-NONE-CA-8464-Construction Area - Woodville,In Construction,in_construction,2025-07-01,2025-09-30,11.62,3.86,3.53,1249.0,281.0,259.9,0.0,0.0,0.0,no_data,259.9,208.0,164.7,43.3,0,0,0,0,0,0,0,0.0,19246.73,231878.59,251125.32,matched_williams825_pin,wave1_pinned_authority,342
St. Landry Parish,LA,CA-8507,St. Landry Parish-NONE-CA-8507-Construction Area - St Landry Remaining,In Construction,in_construction,2026-04-01,2026-07-31,69.28,69.28,12.07,970.0,970.0,256.0,0.0,0.0,0.0,no_data,256.0,1.0,0.7,0.3,0,0,0,0,0,0,0,0.0,88934.71,438419.03,527353.74,matched_williams825_pin,wave1_pinned_authority,409
Iberia Parish,LA,DA-10519,Iberia Parish-NONE-DA-10519-APPROVEDDESIGNAREAS - Iberia Parish,(no ROQ job),not_started,2027-03-01,2027-03-31,2.65,2.65,2.65,244.0,244.0,244.0,0.0,0.0,0.0,no_data,244.0,28.0,0.0,28.0,2,0,2,0,0,0,0,,,,,no_ocius_job_match,"wave1_retimed_pass1, wave1_habit_resize, wave1_2026_q4_retime, parent_polygon_volume_review",
Rapides Parish,LA,DA-6751,Rapides Parish-NONE-DA-6751-APPROVEDDESIGNAREAS - Mcnary/Forest HIll/Glenmora,(no ROQ job),not_started,2027-03-01,2027-03-31,1.62,1.62,1.62,244.0,244.0,244.0,2.32,2.32,0.0,clear,0.0,47.0,0.0,47.0,0,0,0,0,0,0,0,,,,,no_ocius_job_match,"wave1_retimed_pass1, wave1_habit_resize, wave1_2026_q4_retime",
West Feliciana Parish,LA,CA-4292,West Feliciana Parish-NONE-CA-4292-Construction Area - Weyanoke,In Construction,in_construction,2024-12-01,2025-03-31,93.09,67.87,23.37,1279.0,743.0,223.9,11.7,0.0,11.7,blocked,223.9,63.0,52.0,11.0,40,0,5,1,30,0,4,316403.52,286095.73,785044.52,1387543.77,matched_williams825_pin,wave1_pinned_authority,126
De Soto Parish,LA,CA-8483,De Soto Parish-NONE-CA-8483-Construction Area - Grand Cane South,In Construction,in_construction,2028-01-01,2029-07-31,49.09,49.09,14.29,692.0,692.0,201.5,10.22,0.0,10.22,blocked,201.5,110.0,78.0,32.0,5,0,2,0,0,3,0,135685.29,68475.74,310650.59,514811.62,matched_williams825_pin,"wave1_pinned_authority, legal_hold_desoto_ef, legal_hold_orig_start:2025-08-01, legal_hold_restart_2028_01",323
Jefferson Davis Parish,LA,DA-10520,Jefferson Davis Parish-NONE-DA-10520-APPROVEDDESIGNAREAS - Jefferson Davis BEAD,(no ROQ job),not_started,2027-05-01,2027-05-31,0.5,0.5,0.5,188.0,188.0,188.0,6.71,0.37,6.34,partial,188.0,27.0,0.0,27.0,0,0,0,0,0,0,0,,,,,no_ocius_job_match,"no_hi_identity, wave1_pinned_authority, wave1_bucket_b_pack_2027, wave1_2027_spread, parent_resized_after_child, parent_polygon_volume_review",
West Feliciana Parish,LA,CA-4348,West Feliciana Parish-NONE-CA-4348-Construction Area - Wakefield,In Construction,in_construction,2024-12-01,2025-03-31,68.37,46.8,6.33,1290.0,774.0,182.8,6.5,0.0,6.5,blocked,182.8,177.0,151.9,25.1,145,0,11,0,118,16,0,0.0,58760.35,576544.46,635304.82,matched_williams825_pin,wave1_pinned_authority,125
De Soto Parish,LA,CDA-28999,De Soto Parish-NONE-CDA-28999-Stat Area - 2026 - CDA-28999,(no ROQ job),not_started,2028-01-01,2028-01-31,1.06,1.06,1.06,162.0,162.0,162.0,0.0,0.0,0.0,no_data,162.0,0.0,0.0,0.0,0,0,0,0,0,0,0,,,,,no_ocius_job_match,"wave1_pinned_authority, legal_hold_desoto_ef, legal_hold_orig_start:2026-09-01, legal_hold_restart_2028_01",
De Soto Parish,LA,CDA-29012,De Soto Parish-NONE-CDA-29012-Stat Area - 2027 - CDA-29012,(no ROQ job),not_started,,,0.0,0.0,0.0,158.0,158.0,158.0,0.0,0.0,0.0,no_data,158.0,0.0,0.0,0.0,0,0,0,0,0,0,0,,,,,no_ocius_job_match,"wave1_retimed_pass1, legal_hold_desoto_ef, legal_hold_orig_start:2026-11-01, legal_hold_restart_2028_01, exhausted_parent_gis_review",
De Soto Parish,LA,DA-6765,De Soto Parish-NONE-DA-6765-APPROVEDDESIGNAREAS - Frierson,(no ROQ job),not_started,,,0.0,0.0,0.0,152.0,152.0,152.0,0.12,0.0,0.12,blocked,152.0,18.0,0.0,18.0,6,0,5,0,0,1,0,,,,,no_ocius_job_match,"wave1_retimed_pass1, legal_hold_desoto_ef, legal_hold_orig_start:2026-09-01, legal_hold_restart_2028_01, exhausted_parent_gis_review",
Tensas Parish,LA,CA-8963,Tensas Parish-NONE-CA-8963-Construction Area - Tensas Connector,Loaded,in_construction,2026-04-01,2026-05-31,5.59,5.59,5.59,138.0,138.0,138.0,4.19,4.19,0.0,clear,0.0,6.0,0.0,6.0,0,0,0,0,0,0,0,2159.34,6856.24,35378.33,44393.92,matched_williams825_pin,wave1_pinned_authority,420
Vernon Parish,LA,CDA-26547,Vernon Parish-NONE-CDA-26547-Stat Area - 2027 - CDA-26547,(no ROQ job),not_started,2027-02-01,2027-04-30,6.48,6.48,6.48,133.0,133.0,133.0,6.32,0.0,6.32,blocked,133.0,28.0,0.0,28.0,3,0,3,0,0,0,0,,,,,no_ocius_job_match,"wave1_retimed_pass1, wave1_habit_resize, wave1_2026_q4_retime",
West Feliciana Parish,LA,DA-2889,West Feliciana Parish-NONE-DA-2889-APPROVEDDESIGNAREAS - West Feliciana RDOF Section 1,(no ROQ job),not_started,2027-08-01,2028-02-29,21.37,21.37,21.37,128.0,128.0,128.0,0.0,0.0,0.0,no_data,128.0,107.0,0.0,107.0,0,0,0,0,0,0,0,,,,,no_ocius_job_match,"wave1_retimed_pass1, wave1_habit_resize, wave1_2026_q4_retime",
De Soto Parish,LA,CDA-29001,De Soto Parish-NONE-CDA-29001-Stat Area - 2026 - CDA-29001,(no ROQ job),not_started,2028-01-01,2028-03-31,5.63,5.63,5.63,117.0,117.0,117.0,4.96,0.0,4.96,blocked,117.0,57.0,0.0,57.0,1,0,1,0,0,0,0,,,,,no_ocius_job_match,"wave1_pinned_authority, legal_hold_desoto_ef, legal_hold_orig_start:2026-09-01, legal_hold_restart_2028_01",
Jefferson Davis County,MS,DA-10532,Jefferson Davis County-NONE-DA-10532-APPROVEDDESIGNAREAS - MS BEAD Monticello East,(no ROQ job),not_started,2026-10-01,2026-10-31,0.41,0.41,0.41,109.0,109.0,109.0,0.0,0.0,0.0,no_data,109.0,3.0,0.0,3.0,0,0,0,0,0,0,0,,,,,no_ocius_job_match,"wave1_retimed_pass1, wave1_habit_resize, wave1_2026_q4_retime",
Acadia Parish,LA,DA-10977,Acadia Parish-NONE-DA-10977-APPROVEDDESIGNAREAS - Acadia-1,(no ROQ job),,2026-10-01,2026-10-31,1.1,1.1,1.1,105.0,105.0,105.0,12.04,8.75,3.29,partial,105.0,12.0,0.0,12.0,1,0,1,0,0,0,0,,,,,no_ocius_job_match,"newborn_hi_only, newborn_status_borderline, wave1_habit_resize, wave1_2026_q4_retime, parent_polygon_volume_review",
Natchitoches Parish,LA,DA-6873,Natchitoches Parish-NONE-DA-6873-APPROVEDDESIGNAREAS - North Sibley Lake,(no ROQ job),not_started,,,0.0,0.0,0.0,101.0,101.0,101.0,1.49,0.0,1.49,blocked,101.0,19.0,0.0,19.0,3,0,2,0,0,1,0,,,,,no_ocius_job_match,"wave1_retimed_pass1, exhausted_parent_gis_review",
Jefferson Davis Parish,LA,CA-8475,Jefferson Davis Parish-NONE-CA-8475-Construction Area - Jefferson Davis Norwest 1 RDOF,In Construction,in_construction,2025-08-01,2026-02-28,77.07,75.98,14.52,906.0,906.0,99.8,12.32,0.0,12.32,blocked,99.8,219.0,194.9,24.1,21,0,18,0,0,3,0,140667.83,92229.03,487730.4,720627.26,matched_williams825_pin,wave1_pinned_authority,326
Jefferson Davis Parish,LA,CDA-26140,Jefferson Davis Parish-NONE-CDA-26140-Stat Area - 2026 - CDA-26140,(no ROQ job),not_started,2027-01-01,2027-08-31,0.6,0.6,0.6,96.0,96.0,96.0,20.73,5.49,15.24,partial,96.0,12.0,0.0,12.0,6,0,6,0,0,0,0,,,,,no_ocius_job_match,"wave1_pinned_authority, wave1_bucket_b_pack_2027, wave1_2027_spread, parent_polygon_volume_review",
Vermilion Parish,LA,DA-10976,Vermilion Parish-NONE-DA-10976-APPROVEDDESIGNAREAS - Vermilion-1,(no ROQ job),,,,0.0,0.0,0.0,96.0,96.0,96.0,0.51,0.51,0.0,clear,0.0,16.0,0.0,16.0,1,0,1,0,0,0,0,,,,,no_ocius_job_match,"newborn_hi_only, newborn_status_strong, exhausted_parent_gis_review",
St. Helena Parish,LA,DA-6831,St. Helena Parish-NONE-DA-6831-APPROVEDDESIGNAREAS - St. Helena West,(no ROQ job),not_started,,,0.0,0.0,0.0,89.0,89.0,89.0,0.0,0.0,0.0,no_data,89.0,2.0,0.0,2.0,1,0,1,0,0,0,0,,,,,no_ocius_job_match,"wave1_retimed_pass1, exhausted_parent_gis_review",
St. Landry Parish,LA,CA-8920,St. Landry Parish-NONE-CA-8920-Construction Area - St Landry State Rds,In Construction,in_construction,2026-02-01,2026-05-31,65.41,65.41,21.7,475.0,475.0,79.1,0.0,0.0,0.0,no_data,79.1,0.0,0.0,0.0,0,0,0,0,0,0,0,257747.13,183260.22,413939.22,854946.57,matched_williams825_pin,wave1_pinned_authority,375
Sabine Parish,LA,CA-9384,Sabine Parish-NONE-CA-9384-Construction Area - Toledo Bend,(no ROQ job),in_construction,2026-09-15,2026-10-14,5.28,3.54,3.54,74.0,74.0,74.0,1.09,0.0,1.09,blocked,74.0,2.0,0.0,2.0,0,0,0,0,0,0,0,,,,,no_ocius_job_match,"wave1_pinned_authority, operator_restored_williams_v825",
Pearl River County,MS,CDA-32568,Pearl River County-NONE-CDA-32568-Stat Area - 2027 - CDA-32568,(no ROQ job),not_started,2026-11-01,2027-01-31,2.59,2.59,2.59,73.0,73.0,73.0,0.0,0.0,0.0,no_data,73.0,67.0,0.0,67.0,0,0,0,0,0,0,0,,,,,no_ocius_job_match,"wave1_retimed_pass1, wave1_habit_resize, wave1_2026_q4_retime",
De Soto Parish,LA,CDA-29002,De Soto Parish-NONE-CDA-29002-Stat Area - 2026 - CDA-29002,(no ROQ job),not_started,2028-01-01,2028-01-31,0.81,0.81,0.81,70.0,70.0,70.0,0.0,0.0,0.0,no_data,70.0,0.0,0.0,0.0,0,0,0,0,0,0,0,,,,,no_ocius_job_match,"wave1_pinned_authority, legal_hold_desoto_ef, legal_hold_orig_start:2026-09-01, legal_hold_restart_2028_01",
Red River Parish,LA,DA-8510,Red River Parish-NONE-DA-8510-APPROVEDDESIGNAREAS - Martin West,(no ROQ job),not_started,2025-09-01,2025-10-31,5.15,5.15,5.15,70.0,70.0,70.0,0.0,0.0,0.0,no_data,70.0,0.0,0.0,0.0,0,0,0,0,0,0,0,,,,,no_ocius_job_match,"wave1_pinned_authority, parent_never_active",
St. Landry Parish,LA,CDA-28964,St. Landry Parish-NONE-CDA-28964-Stat Area - 2026 - CDA-28964,(no ROQ job),not_started,,,0.0,0.0,0.0,69.0,69.0,69.0,0.51,0.0,0.51,blocked,69.0,0.0,0.0,0.0,0,0,0,0,0,0,0,,,,,no_ocius_job_match,"wave1_pinned_authority, wave1_bucket_b_pack_2027, wave1_2027_spread, exhausted_parent_gis_review",
Covington County,MS,CDA-32563,Covington County-NONE-CDA-32563-Stat Area - 2027 - CDA-32563,(no ROQ job),not_started,2026-11-01,2027-03-31,5.76,5.76,5.76,68.0,68.0,68.0,0.0,0.0,0.0,no_data,68.0,17.0,0.0,17.0,0,0,0,0,0,0,0,,,,,no_ocius_job_match,"wave1_retimed_pass1, wave1_habit_resize, wave1_2026_q4_retime",
Concordia Parish,LA,CDA-26969,Concordia Parish-NONE-CDA-26969-Stat Area - 2026 - CDA-26969,(no ROQ job),not_started,2026-10-01,2026-10-31,2.77,2.77,2.77,66.0,66.0,66.0,2.81,2.81,0.0,clear,0.0,53.0,0.0,53.0,4,0,4,0,0,0,0,,,,,no_ocius_job_match,"wave1_retimed_pass1, wave1_habit_resize, wave1_2026_q4_retime",
De Soto Parish,LA,CA-8484,De Soto Parish-NONE-CA-8484-Construction Area - Longstreet,In Construction,in_construction,2028-01-01,2029-07-31,97.85,97.85,9.41,741.0,741.0,64.3,3.5,0.0,3.5,blocked,64.3,61.0,55.7,5.3,6,0,4,0,0,2,0,0.0,54539.4,619209.24,673748.65,matched_williams825_pin,"wave1_pinned_authority, legal_hold_desoto_ef, legal_hold_orig_start:2025-08-01, legal_hold_restart_2028_01",324
Winn Parish,LA,CA-8501,Winn Parish-NONE-CA-8501-Construction Area - Gansville Service Area,In Construction,in_construction,2025-09-01,2025-12-31,64.05,5.46,3.86,737.0,189.0,64.1,1.18,1.18,0.0,clear,0.0,145.0,132.4,12.6,13,0,13,0,0,0,0,31869.45,63107.1,405291.95,500268.5,matched_williams825_pin,wave1_pinned_authority,345
Natchitoches Parish,LA,CA-8924,Natchitoches Parish-NONE-CA-8924-Construction Area - Winnfield to Fair View Alpha Transport,Loaded,in_construction,2025-11-01,2025-11-30,27.73,6.07,6.07,178.0,63.0,63.0,1.18,0.0,1.18,blocked,63.0,36.0,23.3,12.7,3,0,3,0,0,0,0,298704.99,160825.61,299911.89,759442.49,matched_williams825_pin,wave1_pinned_authority,380
Natchitoches Parish,LA,CA-8959,Natchitoches Parish-NONE-CA-8959-Construction Area - Pine Coupee - Natchitoches,Loaded,in_construction,2026-02-01,2026-03-31,13.51,11.52,11.52,58.0,58.0,58.0,4.35,0.0,4.35,blocked,58.0,4.0,0.0,4.0,0,0,0,0,0,0,0,0.0,12362.97,85499.67,97862.63,matched_williams825_pin,wave1_pinned_authority,402
Grant Parish,LA,CDA-27340,Grant Parish-NONE-CDA-27340-Stat Area - 2026 - CDA-27340,(no ROQ job),not_started,2027-01-01,2027-07-31,0.31,0.31,0.31,55.0,55.0,55.0,7.18,0.0,7.18,blocked,55.0,30.0,0.0,30.0,17,0,3,0,1,10,3,,,,,no_ocius_job_match,"wave1_pinned_authority, wave1_bucket_b_pack_2027, wave1_2027_spread, parent_polygon_volume_review",
St. Landry Parish,LA,DA-6738,St. Landry Parish-NONE-DA-6738-APPROVEDDESIGNAREAS - St. Landry Funded,(no ROQ job),not_started,,,0.0,0.0,0.0,49.0,49.0,49.0,3.77,0.0,3.77,blocked,49.0,1.0,0.0,1.0,0,0,0,0,0,0,0,,,,,no_ocius_job_match,"wave1_pinned_authority, exhausted_parent_gis_review",
De Soto Parish,LA,CDA-29003,De Soto Parish-NONE-CDA-29003-Stat Area - 2026 - CDA-29003,(no ROQ job),not_started,2028-01-01,2028-01-31,0.11,0.11,0.11,47.0,47.0,47.0,0.0,0.0,0.0,no_data,47.0,0.0,0.0,0.0,0,0,0,0,0,0,0,,,,,no_ocius_job_match,"wave1_pinned_authority, legal_hold_desoto_ef, legal_hold_orig_start:2026-09-01, legal_hold_restart_2028_01",
Rapides Parish,LA,CDA-27354,Rapides Parish-NONE-CDA-27354-Stat Area - 2026 - CDA-27354,(no ROQ job),not_started,,,0.0,0.0,0.0,45.0,45.0,45.0,16.43,15.75,0.68,partial,45.0,17.0,0.0,17.0,12,0,1,0,0,0,11,,,,,no_ocius_job_match,"wave1_retimed_pass1, exhausted_parent_gis_review",
Lincoln County,AR,DA-5873,Lincoln County-NONE-DA-5873-APPROVEDDESIGNAREAS - Grady,(no ROQ job),complete,2023-01-03,2023-02-02,17.3,9.27,9.27,319.0,44.0,44.0,0.0,0.0,0.0,no_data,44.0,0.0,0.0,0.0,0,0,0,0,0,0,0,,,,,no_ocius_job_match,wave1_pinned_authority,
Winn Parish,LA,DA-6839,Winn Parish-NONE-DA-6839-APPROVEDDESIGNAREAS - Winn North,(no ROQ job),not_started,,,0.02,0.02,0.02,43.0,43.0,43.0,5.47,5.47,0.0,clear,0.0,25.0,0.0,25.0,13,0,13,0,0,0,0,,,,,no_ocius_job_match,"wave1_retimed_pass1, exhausted_parent_gis_review",
Allen Parish,LA,DA-6102,Allen Parish-NONE-DA-6102-APPROVEDDESIGNAREAS - Allen South 1,(no ROQ job),not_started,,,0.04,0.04,0.04,40.0,40.0,40.0,0.0,0.0,0.0,no_data,40.0,0.0,0.0,0.0,0,0,0,0,0,0,0,,,,,no_ocius_job_match,"wave1_retimed_pass1, exhausted_parent_gis_review",
De Soto Parish,LA,DA-6764,De Soto Parish-NONE-DA-6764-APPROVEDDESIGNAREAS - Mansfield Northwest,(no ROQ job),not_started,,,0.0,0.0,0.0,40.0,40.0,40.0,0.0,0.0,0.0,no_data,40.0,4.0,0.0,4.0,2,0,1,0,0,1,0,,,,,no_ocius_job_match,"wave1_retimed_pass1, legal_hold_desoto_ef, legal_hold_orig_start:2026-09-01, legal_hold_restart_2028_01, exhausted_parent_gis_review",
Evangeline Parish,LA,CDA-28971,Evangeline Parish-NONE-CDA-28971-Stat Area - 2027 - CDA-28971,(no ROQ job),not_started,,,0.0,0.0,0.0,39.0,39.0,39.0,0.0,0.0,0.0,no_data,39.0,17.0,0.0,17.0,3,0,1,0,0,0,2,,,,,no_ocius_job_match,"wave1_retimed_pass1, exhausted_parent_gis_review",
Catahoula Parish,LA,CDA-29100,Catahoula Parish-NONE-CDA-29100-Stat Area - 2026 - CDA-29100,(no ROQ job),not_started,2027-01-01,2027-01-31,0.5,0.5,0.5,37.0,37.0,37.0,0.0,0.0,0.0,no_data,37.0,0.0,0.0,0.0,0,0,0,0,0,0,0,,,,,no_ocius_job_match,"wave1_pinned_authority, wave1_bucket_b_pack_2027, wave1_2027_spread",
Winn Parish,LA,CA-8502,Winn Parish-NONE-CA-8502-Construction Area - Calvin Winn North,In Construction,in_construction,2025-09-01,2026-01-31,41.38,0.0,1.2,487.0,1.0,33.7,0.0,0.0,0.0,no_data,33.7,20.0,18.6,1.4,1,0,1,0,0,0,0,0.0,39739.4,261884.34,301623.73,matched_williams825_pin,wave1_pinned_authority,346
Vernon Parish,LA,CA-9385,Vernon Parish-NONE-CA-9385-Construction Area - Toledo Bend - Vernon,(no ROQ job),in_construction,2026-08-01,2026-09-30,5.06,2.92,2.92,32.0,32.0,32.0,1.06,0.0,1.06,blocked,32.0,2.0,0.0,2.0,0,0,0,0,0,0,0,,,,,no_ocius_job_match,"wave1_pinned_authority, wave1_ic_remain_from_now",
Natchitoches Parish,LA,CA-8929,Natchitoches Parish-NONE-CA-8929-Construction Area - NE Natchitoches,Loaded,in_construction,2026-01-01,2026-02-28,57.05,22.06,22.06,456.0,31.0,31.0,0.0,0.0,0.0,no_data,31.0,4.0,3.7,0.3,0,0,0,0,0,0,0,207628.43,142360.33,361046.56,711035.33,matched_williams825_pin,wave1_pinned_authority,390
Winn Parish,LA,CA-8500,Winn Parish-NONE-CA-8500-Construction Area - Sikes Service Area,In Construction,in_construction,2025-09-01,2026-01-31,119.25,58.52,3.78,789.0,291.0,31.0,8.62,8.62,0.0,clear,0.0,72.0,69.2,2.8,8,0,8,0,0,0,0,0.0,120457.16,754647.15,875104.32,matched_williams825_pin,wave1_pinned_authority,364
Vernon Parish,LA,CA-9364,Vernon Parish-NONE-CA-9364-Construction Area - NLSVL Addition,(no ROQ job),not_started,2027-01-01,2027-01-31,0.0,0.0,0.0,29.0,29.0,29.0,0.0,0.0,0.0,no_data,29.0,0.0,0.0,0.0,0,0,0,0,0,0,0,,,,,no_ocius_job_match,"wave1_pinned_authority, wave1_bucket_b_pack_2027, wave1_2027_spread",
Winn Parish,LA,CA-8486,Winn Parish-NONE-CA-8486-Construction Area - Winnfield South,In Construction,in_construction,2025-07-01,2025-11-30,128.7,13.66,4.42,1143.0,130.0,28.6,4.12,1.3,2.82,partial,28.6,96.0,93.6,2.4,11,0,9,0,1,0,1,0.0,59604.88,814465.75,874070.63,matched_williams825_pin,wave1_pinned_authority,325
De Soto Parish,LA,DA-6762,De Soto Parish-NONE-DA-6762-APPROVEDDESIGNAREAS - Mansfield West,(no ROQ job),not_started,,,0.0,0.0,0.0,27.0,27.0,27.0,0.0,0.0,0.0,no_data,27.0,8.0,0.0,8.0,0,0,0,0,0,0,0,,,,,no_ocius_job_match,"wave1_pinned_authority, legal_hold_desoto_ef, legal_hold_orig_start:2026-03-01, legal_hold_restart_2028_01, exhausted_parent_gis_review",
Winn Parish,LA,CA-8932,Winn Parish-NONE-CA-8932-Construction Area - St Maurice - Winn,(no ROQ job),complete,2026-01-01,2026-06-30,33.65,0.0,0.0,632.0,27.0,27.0,6.24,0.0,6.24,blocked,27.0,31.0,29.7,1.3,8,0,4,0,0,2,2,0.0,32785.02,212957.15,245742.17,matched_williams825_pin,wave1_pinned_authority,387
Winn Parish,LA,CA-8915,Winn Parish-NONE-CA-8915-Construction Area - Winn Transport,In Construction,in_construction,2025-10-01,2026-02-28,85.7,32.03,4.54,1295.0,757.0,26.7,11.21,5.25,5.96,partial,26.7,264.0,258.5,5.5,15,0,15,0,0,0,0,157021.57,129389.08,542298.19,828708.84,matched_williams825_pin,wave1_pinned_authority,365
Pearl River County,MS,CDA-32567,Pearl River County-NONE-CDA-32567-Stat Area - 2027 - CDA-32567,(no ROQ job),not_started,2027-01-01,2027-03-31,3.39,3.39,3.39,26.0,26.0,26.0,0.0,0.0,0.0,no_data,26.0,16.0,0.0,16.0,0,0,0,0,0,0,0,,,,,no_ocius_job_match,"wave1_retimed_pass1, wave1_habit_resize, wave1_2026_q4_retime",
Sabine Parish,LA,CDA-29049,Sabine Parish-NONE-CDA-29049-Stat Area - 2027 - CDA-29049,(no ROQ job),not_started,,,0.0,0.0,0.0,24.0,24.0,24.0,0.0,0.0,0.0,no_data,24.0,3.0,0.0,3.0,0,0,0,0,0,0,0,,,,,no_ocius_job_match,"wave1_retimed_pass1, exhausted_parent_gis_review",
De Soto Parish,LA,DA-6763,De Soto Parish-NONE-DA-6763-APPROVEDDESIGNAREAS - Longstreet,(no ROQ job),not_started,,,0.0,0.0,0.0,23.0,23.0,23.0,0.51,0.0,0.51,blocked,23.0,4.0,0.0,4.0,2,0,2,0,0,0,0,,,,,no_ocius_job_match,"wave1_retimed_pass1, legal_hold_desoto_ef, legal_hold_orig_start:2026-09-01, legal_hold_restart_2028_01, exhausted_parent_gis_review",
Red River Parish,LA,CA-8498,Red River Parish-NONE-CA-8498-Construction Area - Martin Preterm 1,In Construction,in_construction,2025-10-01,2026-01-31,44.95,0.0,2.37,424.0,0.0,22.3,0.0,0.0,0.0,no_data,22.3,3.0,2.8,0.2,1,0,0,0,0,1,0,0.0,105165.29,379090.23,484255.52,matched_williams825_pin,wave1_pinned_authority,367
Avoyelles Parish,LA,DA-6808,Avoyelles Parish-NONE-DA-6808-APPROVEDDESIGNAREAS - Avoyelles Extended North,(no ROQ job),not_started,,,0.0,0.0,0.0,22.0,22.0,22.0,2.47,0.0,2.47,blocked,22.0,8.0,0.0,8.0,1,0,1,0,0,0,0,,,,,no_ocius_job_match,"wave1_retimed_pass1, wave1_bucket_a_williams_2026, exhausted_parent_gis_review",
Jefferson Davis Parish,LA,CDA-25749,Jefferson Davis Parish-NONE-CDA-25749-Stat Area - 2026 - CDA-25749,(no ROQ job),not_started,,,0.03,0.03,0.03,21.0,21.0,21.0,25.69,0.0,25.69,blocked,21.0,4.0,0.0,4.0,15,0,15,0,0,0,0,,,,,no_ocius_job_match,"wave1_pinned_authority, wave1_bucket_b_pack_2027, wave1_2027_spread, exhausted_parent_gis_review",
Avoyelles Parish,LA,CDA-28979,Avoyelles Parish-NONE-CDA-28979-Stat Area - 2026 - CDA-28979,(no ROQ job),not_started,,,0.0,0.0,0.0,20.0,20.0,20.0,0.0,0.0,0.0,no_data,20.0,0.0,0.0,0.0,0,0,0,0,0,0,0,,,,,no_ocius_job_match,"wave1_retimed_pass1, exhausted_parent_gis_review",
Beauregard Parish,LA,DA-6740,Beauregard Parish-NONE-DA-6740-APPROVEDDESIGNAREAS - South Deridder Design Area,(no ROQ job),not_started,,,0.0,0.0,0.0,23.0,20.0,20.0,0.09,0.09,0.0,clear,0.0,5.0,0.7,4.3,2,0,0,0,0,2,0,,,,,no_ocius_job_match,"wave1_retimed_pass1, exhausted_parent_gis_review",
Red River Parish,LA,CA-8499,Red River Parish-NONE-CA-8499-Construction Area - Cross Roads Service Area,In Construction,in_construction,2025-10-01,2026-02-28,60.78,60.78,1.73,682.0,682.0,19.4,4.24,0.0,4.24,blocked,19.4,71.0,69.0,2.0,12,0,4,0,0,6,2,0.0,129620.25,487005.14,616625.4,matched_williams825_pin,wave1_pinned_authority,366
Natchitoches Parish,LA,CA-8930,Natchitoches Parish-NONE-CA-8930-Construction Area - Lotus,(no ROQ job),in_construction,2025-09-01,2025-09-30,9.56,9.56,9.56,19.0,19.0,19.0,9.81,0.0,9.81,blocked,19.0,20.0,0.0,20.0,20,0,2,0,0,0,18,,,,,no_ocius_job_match,wave1_pinned_authority,
St. Helena Parish,LA,CA-8487,St. Helena Parish-NONE-CA-8487-Construction Area - St Helena West,In Construction,in_construction,2025-09-01,2025-11-30,49.27,12.77,1.44,462.0,142.0,18.8,0.86,0.0,0.86,blocked,18.8,85.0,81.5,3.5,7,0,7,0,0,0,0,53219.52,33686.07,311800.53,398706.12,matched_williams825_pin,wave1_pinned_authority,329
Winn Parish,LA,DA-6774,Winn Parish-NONE-DA-6774-APPROVEDDESIGNAREAS - St. Maurice,(no ROQ job),not_started,,,0.0,0.0,0.0,18.0,18.0,18.0,0.0,0.0,0.0,no_data,18.0,4.0,0.0,4.0,0,0,0,0,0,0,0,,,,,no_ocius_job_match,"wave1_pinned_authority, exhausted_parent_gis_review",
Lamar County,MS,CDA-32571,Lamar County-NONE-CDA-32571-Stat Area - 2027 - CDA-32571,(no ROQ job),not_started,2026-10-01,2026-10-31,1.07,1.07,1.07,17.0,17.0,17.0,0.0,0.0,0.0,no_data,17.0,0.0,0.0,0.0,0,0,0,0,0,0,0,,,,,no_ocius_job_match,"wave1_retimed_pass1, wave1_habit_resize, wave1_2026_q4_retime",
Avoyelles Parish,LA,CDA-28977,Avoyelles Parish-NONE-CDA-28977-Stat Area - 2027 - CDA-28977,(no ROQ job),not_started,2026-10-01,2026-10-31,1.44,1.44,1.44,18.0,16.0,16.0,0.85,0.0,0.85,blocked,16.0,15.0,1.7,13.3,4,0,0,0,1,3,0,,,,,no_ocius_job_match,"wave1_retimed_pass1, wave1_habit_resize, wave1_2026_q4_retime",
Lamar County,MS,DA-7300,Lamar County-NONE-DA-7300-APPROVEDDESIGNAREAS - Southeast Lamar County 2 RDOF,(no ROQ job),not_started,,,0.0,0.0,0.0,16.0,16.0,16.0,0.0,0.0,0.0,no_data,16.0,0.0,0.0,0.0,0,0,0,0,0,0,0,,,,,no_ocius_job_match,"wave1_pinned_authority, exhausted_parent_gis_review",
Bienville Parish,LA,DA-10507,Bienville Parish-NONE-DA-10507-APPROVEDDESIGNAREAS - Bienville RDOF,(no ROQ job),not_started,,,0.0,0.0,0.0,14.0,14.0,14.0,0.0,0.0,0.0,no_data,14.0,3.0,0.0,3.0,0,0,0,0,0,0,0,,,,,no_ocius_job_match,"wave1_pinned_authority, exhausted_parent_gis_review",
Grant Parish,LA,DA-6814,Grant Parish-NONE-DA-6814-APPROVEDDESIGNAREAS - Grant South,(no ROQ job),not_started,,,0.0,0.0,0.0,14.0,14.0,14.0,3.58,0.0,3.58,blocked,14.0,9.0,0.0,9.0,1,0,0,0,0,1,0,,,,,no_ocius_job_match,"wave1_pinned_authority, wave1_bucket_b_pack_2027, wave1_2027_spread, exhausted_parent_gis_review",
West Feliciana Parish,LA,DA-2888,West Feliciana Parish-NONE-DA-2888-APPROVEDDESIGNAREAS - West Feliciana Gumbo,(no ROQ job),not_started,,,0.0,0.0,0.0,14.0,14.0,14.0,1.17,0.0,1.17,blocked,14.0,13.0,0.0,13.0,2,0,1,0,0,1,0,,,,,no_ocius_job_match,"wave1_retimed_pass1, exhausted_parent_gis_review",
Simpson County,MS,CDA-32556,Simpson County-NONE-CDA-32556-Stat Area - 2027 - CDA-32556,(no ROQ job),not_started,2026-11-01,2026-12-31,1.29,1.29,1.29,13.0,13.0,13.0,0.0,0.0,0.0,no_data,13.0,0.0,0.0,0.0,0,0,0,0,0,0,0,,,,,no_ocius_job_match,"wave1_retimed_pass1, wave1_habit_resize, wave1_2026_q4_retime",
St. Helena Parish,LA,DA-7298,St. Helena Parish-NONE-DA-7298-APPROVEDDESIGNAREAS - St. Helena Northeast,(no ROQ job),not_started,,,0.0,0.0,0.0,13.0,13.0,13.0,0.0,0.0,0.0,no_data,13.0,0.0,0.0,0.0,0,0,0,0,0,0,0,,,,,no_ocius_job_match,"wave1_retimed_pass1, exhausted_parent_gis_review",
De Soto Parish,LA,DA-6832,De Soto Parish-NONE-DA-6832-APPROVEDDESIGNAREAS - Logansport,(no ROQ job),not_started,,,0.0,0.0,0.0,12.0,12.0,12.0,0.0,0.0,0.0,no_data,12.0,6.0,0.0,6.0,0,0,0,0,0,0,0,,,,,no_ocius_job_match,"wave1_pinned_authority, legal_hold_desoto_ef, legal_hold_orig_start:2026-09-01, legal_hold_restart_2028_01, exhausted_parent_gis_review",
Lafayette Parish,LA,DA-10975,Lafayette Parish-NONE-DA-10975-APPROVEDDESIGNAREAS - Lafayette-1,(no ROQ job),,,,0.0,0.0,0.0,12.0,12.0,12.0,0.0,0.0,0.0,no_data,12.0,1.0,0.0,1.0,0,0,0,0,0,0,0,,,,,no_ocius_job_match,"newborn_hi_only, newborn_status_strong, exhausted_parent_gis_review",
Natchitoches Parish,LA,CA-9805,Natchitoches Parish-NONE-CA-9805-Construction Area - Natchitoches RDOF remaining,(no ROQ job),,2025-08-01,2025-08-31,3.11,3.11,3.11,12.0,12.0,12.0,0.29,0.0,0.29,blocked,12.0,1.0,0.0,1.0,0,0,0,0,0,0,0,,,,,no_ocius_job_match,"newborn_hi_only, newborn_status_strong, wave1_habit_resize",
Rapides Parish,LA,DA-6753,Rapides Parish-NONE-DA-6753-APPROVEDDESIGNAREAS - Mcnary North,(no ROQ job),not_started,,,0.0,0.0,0.0,12.0,12.0,12.0,0.83,0.0,0.83,blocked,12.0,1.0,0.0,1.0,1,0,0,1,0,0,0,,,,,no_ocius_job_match,"wave1_retimed_pass1, exhausted_parent_gis_review",
Red River Parish,LA,DA-6825,Red River Parish-NONE-DA-6825-APPROVEDDESIGNAREAS - Red River Central,(no ROQ job),not_started,,,0.0,0.0,0.0,12.0,12.0,12.0,0.0,0.0,0.0,no_data,12.0,5.0,0.0,5.0,1,0,1,0,0,0,0,,,,,no_ocius_job_match,"wave1_retimed_pass1, exhausted_parent_gis_review",
Red River Parish,LA,DA-6833,Red River Parish-NONE-DA-6833-APPROVEDDESIGNAREAS - West Red River,(no ROQ job),not_started,,,0.0,0.0,0.0,12.0,12.0,12.0,0.0,0.0,0.0,no_data,12.0,4.0,0.0,4.0,4,0,3,1,0,0,0,,,,,no_ocius_job_match,"wave1_retimed_pass1, exhausted_parent_gis_review",
Avoyelles Parish,LA,CDA-29093,Avoyelles Parish-NONE-CDA-29093-Stat Area - 2027 - CDA-29093,(no ROQ job),not_started,,,0.0,0.0,0.0,11.0,11.0,11.0,0.0,0.0,0.0,no_data,11.0,0.0,0.0,0.0,0,0,0,0,0,0,0,,,,,no_ocius_job_match,"wave1_retimed_pass1, exhausted_parent_gis_review",
De Soto Parish,LA,DA-6766,De Soto Parish-NONE-DA-6766-APPROVEDDESIGNAREAS - Mansfield East,(no ROQ job),not_started,,,0.0,0.0,0.0,11.0,11.0,11.0,1.89,0.0,1.89,blocked,11.0,2.0,0.0,2.0,0,0,0,0,0,0,0,,,,,no_ocius_job_match,"wave1_retimed_pass1, legal_hold_desoto_ef, legal_hold_orig_start:2026-09-01, legal_hold_restart_2028_01, exhausted_parent_gis_review",
Pearl River County,MS,CDA-32566,Pearl River County-NONE-CDA-32566-Stat Area - 2027 - CDA-32566,(no ROQ job),not_started,,,0.09,0.09,0.09,11.0,11.0,11.0,0.0,0.0,0.0,no_data,11.0,8.0,0.0,8.0,0,0,0,0,0,0,0,,,,,no_ocius_job_match,"wave1_retimed_pass1, exhausted_parent_gis_review",
Covington County,MS,CDA-32562,Covington County-NONE-CDA-32562-Stat Area - 2027 - CDA-32562,(no ROQ job),not_started,2027-01-01,2027-01-31,0.46,0.46,0.46,10.0,10.0,10.0,0.0,0.0,0.0,no_data,10.0,2.0,0.0,2.0,0,0,0,0,0,0,0,,,,,no_ocius_job_match,"wave1_retimed_pass1, wave1_habit_resize, wave1_2026_q4_retime",
Vernon Parish,LA,DA-10524,Vernon Parish-NONE-DA-10524-APPROVEDDESIGNAREAS - FW - EACAM Build 4,(no ROQ job),not_started,,,0.0,0.0,0.0,10.0,10.0,10.0,0.0,0.0,0.0,no_data,10.0,0.0,0.0,0.0,0,0,0,0,0,0,0,,,,,no_ocius_job_match,"no_hi_identity, wave1_retimed_pass1, exhausted_parent_gis_review",
Wilkinson County,MS,DA-6882,Wilkinson County-NONE-DA-6882-APPROVEDDESIGNAREAS - CPF_BEAM_Southwest,(no ROQ job),not_started,2026-10-01,2026-10-31,0.36,0.36,0.36,10.0,10.0,10.0,0.0,0.0,0.0,no_data,10.0,5.0,0.0,5.0,0,0,0,0,0,0,0,,,,,no_ocius_job_match,"wave1_retimed_pass1, wave1_habit_resize, wave1_2026_q4_retime, parent_polygon_volume_review",
Natchitoches Parish,LA,DA-6771,Natchitoches Parish-NONE-DA-6771-APPROVEDDESIGNAREAS - Melrose,(no ROQ job),not_started,,,0.0,0.0,0.0,9.0,9.0,9.0,0.0,0.0,0.0,no_data,9.0,0.0,0.0,0.0,0,0,0,0,0,0,0,,,,,no_ocius_job_match,"wave1_pinned_authority, wave1_bucket_b_pack_2027, wave1_2027_spread, exhausted_parent_gis_review",
Natchitoches Parish,LA,DA-6824,Natchitoches Parish-NONE-DA-6824-APPROVEDDESIGNAREAS - Natchitoches North,(no ROQ job),not_started,,,0.0,0.0,0.0,9.0,9.0,9.0,0.93,0.0,0.93,blocked,9.0,5.0,0.0,5.0,1,0,1,0,0,0,0,,,,,no_ocius_job_match,"wave1_retimed_pass1, exhausted_parent_gis_review",
Tensas Parish,LA,DA-6842,Tensas Parish-NONE-DA-6842-APPROVEDDESIGNAREAS - Tensas,(no ROQ job),not_started,,,0.0,0.0,0.0,9.0,9.0,9.0,0.0,0.0,0.0,no_data,9.0,6.0,0.0,6.0,0,0,0,0,0,0,0,,,,,no_ocius_job_match,"wave1_pinned_authority, exhausted_parent_gis_review",
Evangeline Parish,LA,DA-7287,Evangeline Parish-NONE-DA-7287-APPROVEDDESIGNAREAS - Evangeline Northeast,(no ROQ job),not_started,,,0.0,0.0,0.0,8.0,8.0,8.0,0.0,0.0,0.0,no_data,8.0,4.0,0.0,4.0,1,0,1,0,0,0,0,,,,,no_ocius_job_match,"wave1_pinned_authority, exhausted_parent_gis_review",
Jefferson Davis Parish,LA,DA-10945,Jefferson Davis Parish-NONE-DA-10945-APPROVEDDESIGNAREAS,(no ROQ job),,,,0.0,0.0,0.0,8.0,8.0,8.0,0.0,0.0,0.0,no_data,8.0,3.0,0.0,3.0,0,0,0,0,0,0,0,,,,,no_ocius_job_match,"newborn_hi_only, newborn_status_strong, exhausted_parent_gis_review",
Natchitoches Parish,LA,DA-6772,Natchitoches Parish-NONE-DA-6772-APPROVEDDESIGNAREAS - Northeast Natchitoches,(no ROQ job),not_started,,,0.0,0.0,0.0,8.0,8.0,8.0,1.75,0.0,1.75,blocked,8.0,2.0,0.0,2.0,1,0,1,0,0,0,0,,,,,no_ocius_job_match,"wave1_pinned_authority, exhausted_parent_gis_review",
Pearl River County,MS,DA-10534,Pearl River County-NONE-DA-10534-APPROVEDDESIGNAREAS - MS BEAD Lumberton South,(no ROQ job),not_started,2027-02-01,2027-02-28,0.25,0.25,0.25,8.0,8.0,8.0,0.0,0.0,0.0,no_data,8.0,1.0,0.0,1.0,0,0,0,0,0,0,0,,,,,no_ocius_job_match,"wave1_retimed_pass1, wave1_habit_resize, wave1_2026_q4_retime",
Amite County,MS,DA-6881,Amite County-NONE-DA-6881-APPROVEDDESIGNAREAS - CPF_BEAM_Amite,(no ROQ job),not_started,,,0.0,0.0,0.0,7.0,7.0,7.0,0.0,0.0,0.0,no_data,7.0,0.0,0.0,0.0,0,0,0,0,0,0,0,,,,,no_ocius_job_match,"wave1_retimed_pass1, exhausted_parent_gis_review",
Vernon Parish,LA,CA-1,Vernon Parish-NONE-CA-1-Construction Area - Vernon Erate - Phase 1,(no ROQ job),complete,2024-02-01,2024-05-31,102.55,0.67,0.67,909.0,7.0,7.0,0.34,0.34,0.0,clear,0.0,134.0,133.0,1.0,132,0,6,0,124,2,0,2477595.03,1437993.86,821650.0,4737238.89,matched_williams825_pin,wave1_pinned_authority,11
Vernon Parish,LA,CA-29,Vernon Parish-NONE-CA-29-Construction Area - Vernon Erate - Phase 3.1 Leesville,(no ROQ job),complete,2023-05-22,2023-08-21,35.91,0.74,0.74,614.0,7.0,7.0,0.65,0.0,0.65,blocked,7.0,44.0,43.5,0.5,39,1,1,0,37,0,0,867642.57,583712.47,294791.45,1746146.49,matched_williams825_pin,wave1_pinned_authority,24
Allen Parish,LA,DA-10521,Allen Parish-NONE-DA-10521-APPROVEDDESIGNAREAS - FW - EACAM Build 1,(no ROQ job),not_started,,,0.0,0.0,0.0,6.0,6.0,6.0,0.0,0.0,0.0,no_data,6.0,0.0,0.0,0.0,0,0,0,0,0,0,0,,,,,no_ocius_job_match,"wave1_retimed_pass1, exhausted_parent_gis_review",
Sabine Parish,LA,DA-4901,Sabine Parish-NONE-DA-4901-APPROVEDDESIGNAREAS - Florien to Hornbeck,(no ROQ job),complete,,,0.0,0.0,0.0,6.0,6.0,6.0,0.0,0.0,0.0,no_data,6.0,1.0,0.0,1.0,1,0,0,0,1,0,0,,,,,no_ocius_job_match,"wave1_pinned_authority, exhausted_parent_gis_review",
Winn Parish,LA,DA-6745,Winn Parish-NONE-DA-6745-APPROVEDDESIGNAREAS - Winnfield South,(no ROQ job),not_started,,,0.0,0.0,0.0,6.0,6.0,6.0,0.59,0.59,0.0,clear,0.0,1.0,0.0,1.0,1,0,1,0,0,0,0,,,,,no_ocius_job_match,"wave1_retimed_pass1, exhausted_parent_gis_review",
Amite County,MS,DA-7296,Amite County-NONE-DA-7296-APPROVEDDESIGNAREAS - Olio,(no ROQ job),not_started,,,0.0,0.0,0.0,5.0,5.0,5.0,0.0,0.0,0.0,no_data,5.0,0.0,0.0,0.0,0,0,0,0,0,0,0,,,,,no_ocius_job_match,"wave1_retimed_pass1, exhausted_parent_gis_review",
Beauregard Parish,LA,DA-6742,Beauregard Parish-NONE-DA-6742-APPROVEDDESIGNAREAS - Ragley Design Area,(no ROQ job),not_started,,,0.0,0.0,0.0,7.0,5.0,5.0,0.0,0.0,0.0,no_data,5.0,4.0,1.1,2.9,57,0,2,0,52,3,0,,,,,no_ocius_job_match,"wave1_retimed_pass1, exhausted_parent_gis_review",
Concordia Parish,LA,CDA-29104,Concordia Parish-NONE-CDA-29104-Stat Area - 2026 - CDA-29104,(no ROQ job),not_started,,,0.0,0.0,0.0,5.0,5.0,5.0,0.0,0.0,0.0,no_data,5.0,1.0,0.0,1.0,1,0,0,0,0,0,1,,,,,no_ocius_job_match,"wave1_retimed_pass1, exhausted_parent_gis_review",
Grant Parish,LA,DA-6815,Grant Parish-NONE-DA-6815-APPROVEDDESIGNAREAS - Grant West 1,(no ROQ job),not_started,,,0.0,0.0,0.0,5.0,5.0,5.0,0.54,0.0,0.54,blocked,5.0,4.0,0.0,4.0,3,0,1,0,0,2,0,,,,,no_ocius_job_match,"wave1_retimed_pass1, exhausted_parent_gis_review",
Jefferson County,MS,DA-6880,Jefferson County-NONE-DA-6880-APPROVEDDESIGNAREAS - CPF_BEAM_Fayette,(no ROQ job),not_started,,,0.0,0.0,0.0,5.0,5.0,5.0,0.0,0.0,0.0,no_data,5.0,0.0,0.0,0.0,0,0,0,0,0,0,0,,,,,no_ocius_job_match,"wave1_retimed_pass1, exhausted_parent_gis_review",
LaSalle Parish,LA,CA-59,LaSalle Parish-NONE-CA-59-Construction Area - Lasalle Jena,(no ROQ job),complete,2023-01-01,2023-01-31,38.21,0.0,0.0,2699.0,5.0,5.0,0.0,0.0,0.0,no_data,5.0,4.0,4.0,0.0,5,0,1,0,2,2,0,923213.61,535832.32,137075.56,1596121.48,matched_williams825_pin,wave1_pinned_authority,38
Lamar County,MS,CDA-32570,Lamar County-NONE-CDA-32570-Stat Area - 2027 - CDA-32570,(no ROQ job),not_started,,,0.0,0.0,0.0,5.0,5.0,5.0,0.0,0.0,0.0,no_data,5.0,2.0,0.0,2.0,0,0,0,0,0,0,0,,,,,no_ocius_job_match,"wave1_retimed_pass1, exhausted_parent_gis_review",
Amite County,MS,DA-7297,Amite County-NONE-DA-7297-APPROVEDDESIGNAREAS - West Gloster,(no ROQ job),not_started,,,0.0,0.0,0.0,4.0,4.0,4.0,0.0,0.0,0.0,no_data,4.0,0.0,0.0,0.0,0,0,0,0,0,0,0,,,,,no_ocius_job_match,"wave1_retimed_pass1, exhausted_parent_gis_review",
Avoyelles Parish,LA,CDA-29092,Avoyelles Parish-NONE-CDA-29092-Stat Area - 2027 - CDA-29092,(no ROQ job),not_started,,,0.0,0.0,0.0,4.0,4.0,4.0,0.0,0.0,0.0,no_data,4.0,0.0,0.0,0.0,0,0,0,0,0,0,0,,,,,no_ocius_job_match,"wave1_retimed_pass1, exhausted_parent_gis_review",
Evangeline Parish,LA,DA-6769,Evangeline Parish-NONE-DA-6769-APPROVEDDESIGNAREAS - Evangeline North,(no ROQ job),not_started,,,0.0,0.0,0.0,4.0,4.0,4.0,0.0,0.0,0.0,no_data,4.0,3.0,0.0,3.0,0,0,0,0,0,0,0,,,,,no_ocius_job_match,"no_hi_identity, wave1_pinned_authority, exhausted_parent_gis_review",
Jefferson Davis Parish,LA,DA-10948,Jefferson Davis Parish-NONE-DA-10948-APPROVEDDESIGNAREAS,(no ROQ job),,,,0.0,0.0,0.0,4.0,4.0,4.0,0.37,0.37,0.0,clear,0.0,1.0,0.0,1.0,0,0,0,0,0,0,0,,,,,no_ocius_job_match,"newborn_hi_only, newborn_status_strong, exhausted_parent_gis_review",
LaSalle Parish,LA,CA-9382,LaSalle Parish-NONE-CA-9382-Construction Area - LaSalle Erate,(no ROQ job),complete,2026-04-01,2026-04-30,0.57,0.0,0.0,4.0,4.0,4.0,0.0,0.0,0.0,no_data,4.0,1.0,0.0,1.0,0,0,0,0,0,0,0,0.0,1364.01,3615.5,4979.51,matched_williams825_pin,wave1_pinned_authority,419
Red River Parish,LA,DA-8506,Red River Parish-NONE-DA-8506-APPROVEDDESIGNAREAS - Martin East,(no ROQ job),not_started,,,0.0,0.0,0.0,4.0,4.0,4.0,0.0,0.0,0.0,no_data,4.0,0.0,0.0,0.0,0,0,0,0,0,0,0,,,,,no_ocius_job_match,"wave1_retimed_pass1, exhausted_parent_gis_review",
Vernon Parish,LA,DA-12,Vernon Parish-NONE-DA-12-APPROVEDDESIGNAREAS - Vernon Erate - Phase 1,(no ROQ job),complete,,,0.0,0.0,0.0,4.0,4.0,4.0,0.0,0.0,0.0,no_geom,4.0,1.0,0.0,1.0,0,0,0,0,0,0,0,,,,,no_ocius_job_match,"wave1_pinned_authority, exhausted_parent_gis_review",
Vernon Parish,LA,DA-2978,Vernon Parish-NONE-DA-2978-APPROVEDDESIGNAREAS - Vernon Erate - Phase 2a,(no ROQ job),complete,,,0.0,0.0,0.0,4.0,4.0,4.0,0.51,0.51,0.0,clear,0.0,4.0,0.0,4.0,0,0,0,0,0,0,0,,,,,no_ocius_job_match,"wave1_pinned_authority, exhausted_parent_gis_review",
Vernon Parish,LA,DA-2979,Vernon Parish-NONE-DA-2979-APPROVEDDESIGNAREAS - Vernon Erate - Phase 2b,(no ROQ job),complete,,,0.0,0.0,0.0,4.0,4.0,4.0,0.32,0.0,0.32,blocked,4.0,3.0,0.0,3.0,0,0,0,0,0,0,0,,,,,no_ocius_job_match,"wave1_pinned_authority, exhausted_parent_gis_review",
Avoyelles Parish,LA,CDA-29094,Avoyelles Parish-NONE-CDA-29094-Stat Area - 2026 - CDA-29094,(no ROQ job),not_started,,,0.0,0.0,0.0,3.0,3.0,3.0,0.0,0.0,0.0,no_data,3.0,1.0,0.0,1.0,0,0,0,0,0,0,0,,,,,no_ocius_job_match,"wave1_retimed_pass1, exhausted_parent_gis_review",
Avoyelles Parish,LA,DA-3676,Avoyelles Parish-NONE-DA-3676-APPROVEDDESIGNAREAS - Avoyelles - RDOF Section 4,(no ROQ job),not_started,,,0.0,0.0,0.0,3.0,3.0,3.0,0.0,0.0,0.0,no_data,3.0,2.0,0.0,2.0,37,0,1,0,36,0,0,,,,,no_ocius_job_match,"wave1_retimed_pass1, exhausted_parent_gis_review",
Covington County,MS,CDA-32579,Covington County-NONE-CDA-32579-Stat Area - 2027 - CDA-32579,(no ROQ job),not_started,,,0.0,0.0,0.0,3.0,3.0,3.0,0.0,0.0,0.0,no_data,3.0,1.0,0.0,1.0,0,0,0,0,0,0,0,,,,,no_ocius_job_match,"wave1_retimed_pass1, exhausted_parent_gis_review",
Grant Parish,LA,CDA-30941,Grant Parish-NONE-CDA-30941-Stat Area - 2027 - CDA-30941,(no ROQ job),not_started,,,0.0,0.0,0.0,3.0,3.0,3.0,0.54,0.0,0.54,blocked,3.0,3.0,0.0,3.0,3,0,1,0,0,2,0,,,,,no_ocius_job_match,"wave1_retimed_pass1, exhausted_parent_gis_review",
Rapides Parish,LA,CDA-27353,Rapides Parish-NONE-CDA-27353-Stat Area - 2026 - CDA-27353,(no ROQ job),not_started,,,0.0,0.0,0.0,3.0,3.0,3.0,19.66,0.0,19.66,blocked,3.0,1.0,0.0,1.0,0,0,0,0,0,0,0,,,,,no_ocius_job_match,"wave1_retimed_pass1, exhausted_parent_gis_review",
Red River Parish,LA,DA-8504,Red River Parish-NONE-DA-8504-APPROVEDDESIGNAREAS - Red River Northeast,(no ROQ job),not_started,,,0.0,0.0,0.0,3.0,3.0,3.0,0.0,0.0,0.0,no_data,3.0,0.0,0.0,0.0,0,0,0,0,0,0,0,,,,,no_ocius_job_match,"wave1_retimed_pass1, exhausted_parent_gis_review",
Red River Parish,LA,DA-8509,Red River Parish-NONE-DA-8509-APPROVEDDESIGNAREAS - Red River Central East,(no ROQ job),not_started,,,0.0,0.0,0.0,3.0,3.0,3.0,0.0,0.0,0.0,no_data,3.0,0.0,0.0,0.0,0,0,0,0,0,0,0,,,,,no_ocius_job_match,"wave1_retimed_pass1, exhausted_parent_gis_review",
Simpson County,MS,CDA-32559,Simpson County-NONE-CDA-32559-Stat Area - 2027 - CDA-32559,(no ROQ job),not_started,2026-10-01,2026-10-31,0.15,0.15,0.15,3.0,3.0,3.0,0.0,0.0,0.0,no_data,3.0,1.0,0.0,1.0,0,0,0,0,0,0,0,,,,,no_ocius_job_match,"wave1_retimed_pass1, wave1_habit_resize, wave1_2026_q4_retime",
Vernon Parish,LA,CA-1276,"Vernon Parish-NONE-CA-1276-Construction Area - Pitkin, LA",(no ROQ job),complete,2024-04-01,2024-06-30,1.94,0.39,0.39,3.0,3.0,3.0,0.0,0.0,0.0,no_data,3.0,0.0,0.0,0.0,0,0,0,0,0,0,0,49409.74,31518.74,16353.0,97281.47,matched_williams825_pin,wave1_pinned_authority,106
Beauregard Parish,LA,DA-6792,Beauregard Parish-NONE-DA-6792-APPROVEDDESIGNAREAS - Beuregard Central Extended,(no ROQ job),not_started,,,0.0,0.0,0.0,2.0,2.0,2.0,0.0,0.0,0.0,no_data,2.0,1.0,0.0,1.0,1,0,1,0,0,0,0,,,,,no_ocius_job_match,"wave1_retimed_pass1, exhausted_parent_gis_review",
Cameron Parish,LA,DA-10523,Cameron Parish-NONE-DA-10523-APPROVEDDESIGNAREAS - FW - EACAM Build 3,(no ROQ job),not_started,,,0.0,0.0,0.0,2.0,2.0,2.0,0.0,0.0,0.0,no_data,2.0,0.0,0.0,0.0,0,0,0,0,0,0,0,,,,,no_ocius_job_match,"wave1_retimed_pass1, exhausted_parent_gis_review",
Faulkner County,AR,DA-6756,Faulkner County-NONE-DA-6756-APPROVEDDESIGNAREAS - Mayflower East,(no ROQ job),not_started,,,0.0,0.0,0.0,2.0,2.0,2.0,0.0,0.0,0.0,no_data,2.0,0.0,0.0,0.0,0,0,0,0,0,0,0,,,,,no_ocius_job_match,"no_hi_identity, wave1_retimed_pass1, exhausted_parent_gis_review",
Faulkner County,AR,DA-6757,Faulkner County-NONE-DA-6757-APPROVEDDESIGNAREAS - Mayflower West,(no ROQ job),not_started,,,0.0,0.0,0.0,2.0,2.0,2.0,0.0,0.0,0.0,no_data,2.0,0.0,0.0,0.0,0,0,0,0,0,0,0,,,,,no_ocius_job_match,"wave1_retimed_pass1, exhausted_parent_gis_review",
Lamar County,MS,DA-7299,Lamar County-NONE-DA-7299-APPROVEDDESIGNAREAS - Southeast Lamar County 1 RDOF,(no ROQ job),not_started,,,0.0,0.0,0.0,2.0,2.0,2.0,0.0,0.0,0.0,no_data,2.0,0.0,0.0,0.0,0,0,0,0,0,0,0,,,,,no_ocius_job_match,"wave1_pinned_authority, exhausted_parent_gis_review",
Natchitoches Parish,LA,DA-6770,Natchitoches Parish-NONE-DA-6770-APPROVEDDESIGNAREAS - Flatwoods,(no ROQ job),not_started,,,0.0,0.0,0.0,2.0,2.0,2.0,0.0,0.0,0.0,no_data,2.0,2.0,0.0,2.0,1,0,0,0,0,1,0,,,,,no_ocius_job_match,"wave1_retimed_pass1, exhausted_parent_gis_review",
Vernon Parish,LA,CA-100,Vernon Parish-NONE-CA-100-Construction Area - Vernon Erate - Phase 3.4,(no ROQ job),complete,2023-10-02,2024-02-01,108.28,1.04,1.04,1098.0,2.0,2.0,5.6,0.0,5.6,blocked,2.0,96.0,95.8,0.2,97,0,5,5,87,0,0,2616020.29,1759945.53,888822.7,5264788.52,matched_williams825_pin,wave1_pinned_authority,27
Vernon Parish,LA,CA-64,Vernon Parish-NONE-CA-64-Construction Area - Vernon Erate - Phase 2a,(no ROQ job),complete,2023-09-01,2023-12-31,28.5,1.42,1.42,188.0,2.0,2.0,3.34,0.77,2.57,partial,2.0,66.0,65.3,0.7,67,0,9,0,58,0,0,2190282.61,1401645.41,722608.91,4314536.94,matched_williams825_pin,wave1_pinned_authority,23
Vernon Parish,LA,CA-73,Vernon Parish-NONE-CA-73-Construction Area - Vernon Erate - Phase 2b,(no ROQ job),complete,2023-10-01,2023-12-31,60.21,1.87,1.87,220.0,2.0,2.0,3.11,0.98,2.13,partial,2.0,4.0,4.0,0.0,6,0,1,0,4,1,0,2190282.61,1401645.41,722608.91,4314536.94,matched_williams825_pin,wave1_pinned_authority,23
Vernon Parish,LA,DA-2951,Vernon Parish-NONE-DA-2951-APPROVEDDESIGNAREAS - Vernon Erate - Phase 3.3,(no ROQ job),complete,,,0.0,0.0,0.0,2.0,2.0,2.0,0.0,0.0,0.0,no_data,2.0,0.0,0.0,0.0,0,0,0,0,0,0,0,,,,,no_ocius_job_match,"wave1_pinned_authority, exhausted_parent_gis_review",
Avoyelles Parish,LA,CDA-29084,Avoyelles Parish-NONE-CDA-29084-Stat Area - 2027 - CDA-29084,(no ROQ job),not_started,,,0.0,0.0,0.0,1.0,1.0,1.0,0.0,0.0,0.0,no_data,1.0,0.0,0.0,0.0,0,0,0,0,0,0,0,,,,,no_ocius_job_match,"wave1_retimed_pass1, exhausted_parent_gis_review",
Beauregard Parish,LA,DA-6739,Beauregard Parish-NONE-DA-6739-APPROVEDDESIGNAREAS - Oretta Design Area,(no ROQ job),not_started,,,0.0,0.0,0.0,2.0,1.0,1.0,0.0,0.0,0.0,no_data,1.0,0.0,0.0,0.0,3,0,0,0,3,0,0,,,,,no_ocius_job_match,"wave1_retimed_pass1, exhausted_parent_gis_review",
Calcasieu Parish,LA,DA-10527,Calcasieu Parish-NONE-DA-10527-APPROVEDDESIGNAREAS - FW - EACAM Build 6,(no ROQ job),not_started,,,0.0,0.0,0.0,1.0,1.0,1.0,0.0,0.0,0.0,no_data,1.0,0.0,0.0,0.0,0,0,0,0,0,0,0,,,,,no_ocius_job_match,"wave1_retimed_pass1, exhausted_parent_gis_review",
Calcasieu Parish,LA,DA-6759,Calcasieu Parish-NONE-DA-6759-APPROVEDDESIGNAREAS - Dequincy North Transport,(no ROQ job),not_started,,,0.0,0.0,0.0,1.0,1.0,1.0,0.0,0.0,0.0,no_data,1.0,0.0,0.0,0.0,0,0,0,0,0,0,0,,,,,no_ocius_job_match,"wave1_pinned_authority, wave1_bucket_b_pack_2027, wave1_2027_spread, exhausted_parent_gis_review",
Covington County,MS,DA-6883,Covington County-NONE-DA-6883-APPROVEDDESIGNAREAS - CPF_BEAM_MtOlive,(no ROQ job),not_started,,,0.0,0.0,0.0,1.0,1.0,1.0,0.0,0.0,0.0,no_data,1.0,0.0,0.0,0.0,0,0,0,0,0,0,0,,,,,no_ocius_job_match,"wave1_retimed_pass1, exhausted_parent_gis_review",
De Soto Parish,LA,CDA-29005,De Soto Parish-NONE-CDA-29005-Stat Area - 2026 - CDA-29005,(no ROQ job),not_started,,,0.0,0.0,0.0,1.0,1.0,1.0,0.0,0.0,0.0,no_data,1.0,1.0,0.0,1.0,0,0,0,0,0,0,0,,,,,no_ocius_job_match,"wave1_pinned_authority, legal_hold_desoto_ef, legal_hold_orig_start:2026-09-01, legal_hold_restart_2028_01, exhausted_parent_gis_review",
De Soto Parish,LA,CDA-29006,De Soto Parish-NONE-CDA-29006-Stat Area - 2026 - CDA-29006,(no ROQ job),not_started,,,0.0,0.0,0.0,1.0,1.0,1.0,0.0,0.0,0.0,no_data,1.0,1.0,0.0,1.0,1,0,1,0,0,0,0,,,,,no_ocius_job_match,"wave1_pinned_authority, legal_hold_desoto_ef, legal_hold_orig_start:2026-09-01, legal_hold_restart_2028_01, exhausted_parent_gis_review",
De Soto Parish,LA,CDA-29014,De Soto Parish-NONE-CDA-29014-Stat Area - 2027 - CDA-29014,(no ROQ job),not_started,,,0.0,0.0,0.0,1.0,1.0,1.0,0.0,0.0,0.0,no_data,1.0,0.0,0.0,0.0,0,0,0,0,0,0,0,,,,,no_ocius_job_match,"wave1_retimed_pass1, legal_hold_desoto_ef, legal_hold_orig_start:2026-11-01, legal_hold_restart_2028_01, exhausted_parent_gis_review",
De Soto Parish,LA,CDA-29029,De Soto Parish-NONE-CDA-29029-Stat Area - 2026 - CDA-29029,(no ROQ job),not_started,,,0.0,0.0,0.0,1.0,1.0,1.0,0.0,0.0,0.0,no_data,1.0,1.0,0.0,1.0,0,0,0,0,0,0,0,,,,,no_ocius_job_match,"wave1_pinned_authority, legal_hold_desoto_ef, legal_hold_orig_start:2026-09-01, legal_hold_restart_2028_01, exhausted_parent_gis_review",
De Soto Parish,LA,CDA-29030,De Soto Parish-NONE-CDA-29030-Stat Area - 2026 - CDA-29030,(no ROQ job),not_started,,,0.0,0.0,0.0,1.0,1.0,1.0,0.0,0.0,0.0,no_data,1.0,1.0,0.0,1.0,0,0,0,0,0,0,0,,,,,no_ocius_job_match,"wave1_pinned_authority, legal_hold_desoto_ef, legal_hold_orig_start:2026-09-01, legal_hold_restart_2028_01, exhausted_parent_gis_review",
De Soto Parish,LA,CDA-29032,De Soto Parish-NONE-CDA-29032-Stat Area - 2026 - CDA-29032,(no ROQ job),not_started,,,0.0,0.0,0.0,1.0,1.0,1.0,0.0,0.0,0.0,no_data,1.0,1.0,0.0,1.0,0,0,0,0,0,0,0,,,,,no_ocius_job_match,"wave1_pinned_authority, legal_hold_desoto_ef, legal_hold_orig_start:2026-09-01, legal_hold_restart_2028_01, exhausted_parent_gis_review",
De Soto Parish,LA,CDA-29033,De Soto Parish-NONE-CDA-29033-Stat Area - 2026 - CDA-29033,(no ROQ job),not_started,,,0.0,0.0,0.0,1.0,1.0,1.0,0.0,0.0,0.0,no_data,1.0,0.0,0.0,0.0,0,0,0,0,0,0,0,,,,,no_ocius_job_match,"wave1_pinned_authority, legal_hold_desoto_ef, legal_hold_orig_start:2026-09-01, legal_hold_restart_2028_01, exhausted_parent_gis_review",
Evangeline Parish,LA,CDA-26972,Evangeline Parish-NONE-CDA-26972-Stat Area - 2026 - CDA-26972,(no ROQ job),not_started,,,0.0,0.0,0.0,1.0,1.0,1.0,0.0,0.0,0.0,no_data,1.0,0.0,0.0,0.0,0,0,0,0,0,0,0,,,,,no_ocius_job_match,"wave1_retimed_pass1, exhausted_parent_gis_review",
Jefferson Davis Parish,LA,DA-11340,"Jefferson Davis Parish-NONE-DA-11340-APPROVEDDESIGNAREAS - Lake Arthur, LA",(no ROQ job),,,,0.0,0.0,0.0,1.0,1.0,1.0,0.0,0.0,0.0,no_data,1.0,1.0,0.0,1.0,0,0,0,0,0,0,0,,,,,no_ocius_job_match,"newborn_hi_only, newborn_status_strong, exhausted_parent_gis_review",
Lafayette Parish,LA,DA-10973,Lafayette Parish-NONE-DA-10973-APPROVEDDESIGNAREAS - Lafayette-2,(no ROQ job),,2027-03-01,2027-03-31,0.95,0.95,0.95,1.0,1.0,1.0,0.0,0.0,0.0,no_data,1.0,0.0,0.0,0.0,0,0,0,0,0,0,0,,,,,no_ocius_job_match,"newborn_hi_only, newborn_status_strong, wave1_habit_resize, wave1_2026_q4_retime",
Lincoln County,AR,CA-4490,Lincoln County-NONE-CA-4490-Construction Area - Lincoln County - Mainline,(no ROQ job),complete,2022-12-01,2022-12-31,53.23,0.0,0.0,1206.0,1.0,1.0,0.0,0.0,0.0,no_data,1.0,0.0,0.0,0.0,0,0,0,0,0,0,0,1286089.45,746445.12,190954.1,2223488.67,matched_williams825_pin,wave1_pinned_authority,5
Rapides Parish,LA,DA-10935,Rapides Parish-NONE-DA-10935-APPROVEDDESIGNAREAS - Rapides North RDOF,(no ROQ job),not_started,,,0.0,0.0,0.0,1.0,1.0,1.0,0.0,0.0,0.0,no_data,1.0,0.0,0.0,0.0,0,0,0,0,0,0,0,,,,,no_ocius_job_match,"wave1_pinned_authority, exhausted_parent_gis_review",
Red River Parish,LA,DA-8505,Red River Parish-NONE-DA-8505-APPROVEDDESIGNAREAS - Methvin,(no ROQ job),not_started,,,0.0,0.0,0.0,1.0,1.0,1.0,0.0,0.0,0.0,no_data,1.0,0.0,0.0,0.0,0,0,0,0,0,0,0,,,,,no_ocius_job_match,"wave1_retimed_pass1, exhausted_parent_gis_review",
Red River Parish,LA,DA-8508,Red River Parish-NONE-DA-8508-APPROVEDDESIGNAREAS - Halfway,(no ROQ job),not_started,,,0.0,0.0,0.0,1.0,1.0,1.0,0.0,0.0,0.0,no_data,1.0,0.0,0.0,0.0,0,0,0,0,0,0,0,,,,,no_ocius_job_match,"wave1_pinned_authority, exhausted_parent_gis_review",
Red River Parish,LA,DA-8511,Red River Parish-NONE-DA-8511-APPROVEDDESIGNAREAS - Mount Zion East,(no ROQ job),not_started,,,0.0,0.0,0.0,1.0,1.0,1.0,0.0,0.0,0.0,no_data,1.0,0.0,0.0,0.0,0,0,0,0,0,0,0,,,,,no_ocius_job_match,"wave1_retimed_pass1, exhausted_parent_gis_review",
Sabine Parish,LA,DA-5298,Sabine Parish-NONE-DA-5298-APPROVEDDESIGNAREAS - Sabine West 2,(no ROQ job),complete,,,0.03,0.0,0.0,29.0,1.0,1.0,0.0,0.0,0.0,no_data,1.0,0.0,0.0,0.0,0,0,0,0,0,0,0,,,,,no_ocius_job_match,"wave1_pinned_authority, exhausted_parent_gis_review",
Simpson County,MS,CDA-32558,Simpson County-NONE-CDA-32558-Stat Area - 2027 - CDA-32558,(no ROQ job),not_started,2027-01-01,2027-01-31,0.18,0.18,0.18,1.0,1.0,1.0,0.0,0.0,0.0,no_data,1.0,0.0,0.0,0.0,0,0,0,0,0,0,0,,,,,no_ocius_job_match,"wave1_retimed_pass1, wave1_habit_resize, wave1_2026_q4_retime",
Tensas Parish,LA,CDA-27400,Tensas Parish-NONE-CDA-27400-Stat Area - 2027 - CDA-27400,(no ROQ job),not_started,,,0.0,0.0,0.0,1.0,1.0,1.0,0.0,0.0,0.0,no_data,1.0,0.0,0.0,0.0,0,0,0,0,0,0,0,,,,,no_ocius_job_match,"wave1_retimed_pass1, exhausted_parent_gis_review",
Vernon Parish,LA,CA-85,Vernon Parish-NONE-CA-85-Construction Area - Vernon Erate - Phase 3.2,(no ROQ job),complete,2023-08-30,2023-12-29,25.51,0.0,0.0,457.0,1.0,1.0,0.0,0.0,0.0,no_data,1.0,34.0,33.9,0.1,34,0,3,0,31,0,0,616385.72,414677.7,209424.07,1240487.49,matched_williams825_pin,wave1_pinned_authority,25
Vernon Parish,LA,DA-6743,Vernon Parish-NONE-DA-6743-APPROVEDDESIGNAREAS - Merryville Service Area - Vernon,(no ROQ job),not_started,,,0.0,0.0,0.0,1.0,1.0,1.0,0.0,0.0,0.0,no_data,1.0,0.0,0.0,0.0,0,0,0,0,0,0,0,,,,,no_ocius_job_match,"wave1_retimed_pass1, exhausted_parent_gis_review",
Wilkinson County,MS,DA-7295,Wilkinson County-NONE-DA-7295-APPROVEDDESIGNAREAS - Ashwood,(no ROQ job),not_started,,,0.09,0.09,0.09,1.0,1.0,1.0,0.0,0.0,0.0,no_data,1.0,0.0,0.0,0.0,0,0,0,0,0,0,0,,,,,no_ocius_job_match,"wave1_retimed_pass1, exhausted_parent_gis_review",
Winn Parish,LA,DA-8514,Winn Parish-NONE-DA-8514-APPROVEDDESIGNAREAS - Winn Northwest,(no ROQ job),not_started,,,0.0,0.0,0.0,1.0,1.0,1.0,0.0,0.0,0.0,no_data,1.0,0.0,0.0,0.0,0,0,0,0,0,0,0,,,,,no_ocius_job_match,"wave1_retimed_pass1, exhausted_parent_gis_review",
